date,open,high,low,close,volume,sma_20,ema_20,rsi_14,macd,macd_signal,macd_hist,bb_upper,bb_middle,bb_lower,published_at,sentiment_score
2024-01-24,5.550000190734863,6.099999904632568,3.2799999713897705,3.440000057220459,3718500,,,,,,,,,,,
2024-01-25,3.7200000286102295,3.9070000648498535,3.0899999141693115,3.2100000381469727,2431500,,,0.0,,,,,,,,
2024-01-26,3.3399999141693115,3.740000009536743,3.3299999237060547,3.4600000381469727,2312700,,,7.716048792211306,,,,,,,,
2024-01-29,3.5399999618530273,3.5799999237060547,3.2799999713897705,3.450000047683716,2739200,,,7.690486896287926,,,,,,,,
2024-01-30,3.4100000858306885,3.440000057220459,3.059999942779541,3.1500000953674316,2549800,,,6.946956141069553,,,,,,,,
2024-01-31,3.25,3.25,2.880000114440918,2.940000057220459,2547900,,,6.475034332444235,,,,,,,,
2024-02-01,3.0,3.049999952316284,2.609999895095825,2.6700000762939453,2118300,,,5.918354475271591,,,,,,,,
2024-02-02,2.700000047683716,2.9800000190734863,2.634999990463257,2.9800000190734863,2043800,,,14.958527949067449,,,,,,,,
2024-02-05,3.0999999046325684,3.450000047683716,3.0299999713897705,3.140000104904175,2675300,,,19.270231108689323,,,,,,,,
2024-02-06,3.140000104904175,3.4100000858306885,3.0850000381469727,3.2699999809265137,2322100,,,22.69954728617567,,,,,,,,
2024-02-07,3.359999895095825,3.4800000190734863,3.299999952316284,3.430000066757202,1778800,,,26.819849559055964,,,,,,,,
2024-02-08,3.549999952316284,3.7690000534057617,3.430000066757202,3.5999999046325684,3729100,,,31.02655345082281,,,,,,,,
2024-02-09,3.900000095367432,3.9600000381469727,3.609999895095825,3.75,3697300,,,34.59896104724733,,,,,,,,
2024-02-12,3.799999952316284,4.110000133514404,3.7899999618530273,4.039999961853027,5241600,,,40.96513815400577,,,,,,,,
2024-02-13,3.839999914169311,3.880000114440918,3.5799999237060547,3.6700000762939458,2513700,,,36.132537941017354,,,,,,,,
2024-02-14,3.930000066757202,3.9600000381469727,3.650000095367432,3.799999952316284,3525200,,,38.861558698391846,,,,,,,,
2024-02-15,3.859999895095825,4.079999923706055,3.4100000858306885,3.619999885559082,3455200,,,36.53380765652338,,,,,,,,
2024-02-16,3.650000095367432,3.839999914169311,3.4700000286102295,3.7300000190734863,2037800,,,38.94078903993431,,,,,,,,
2024-02-20,3.839999914169311,3.839999914169311,3.440000057220459,3.5450000762939453,1618300,,,36.43787251903638,,,,,,,,
2024-02-21,3.4700000286102295,3.5,3.134999990463257,3.240000009536743,1402300,3.4067500233650208,3.4067500233650208,32.70557365592106,,,,4.0579970375126315,3.4067500233650208,2.7555030092174095,,
2024-02-22,3.3499999046325684,3.390000104904175,3.119999885559082,3.234999895095825,1153100,3.3965000152587894,3.390392868291764,32.64653652988709,,,,4.051771662084201,3.3965000152587894,2.7412283684333776,,
2024-02-23,3.190000057220459,3.3399999141693115,3.0999999046325684,3.140000104904175,1326400,3.3930000185966493,3.366545938445327,31.48370536924696,,,,4.052949958922876,3.3930000185966493,2.7330500782704226,,
2024-02-26,3.2699999809265137,3.4200000762939453,3.109999895095825,3.3399999141693115,5718700,3.387000012397766,3.364017745657135,36.60332446797275,,,,4.046586189579306,3.387000012397766,2.7274138352162263,,
2024-02-27,3.7300000190734863,3.740000009536743,3.4600000381469727,3.690000057220459,5364700,3.3990000128746036,3.3950636800917375,44.42889702974722,,,,4.071343622665375,3.3990000128746036,2.7266564030838323,,
2024-02-28,3.990000009536743,4.239999771118164,3.75,3.8299999237060542,8736200,3.4330000042915345,3.4364861794835773,47.23460775458597,,,,4.12014913279619,3.4330000042915345,2.745850875786879,,
2024-02-29,3.9700000286102295,4.090000152587891,3.4700000286102295,3.759999990463257,4291200,3.4740000009536747,3.467297018624499,45.98446473892918,0.1179154624230069,,,4.135986356197021,3.4740000009536747,2.812013645710328,,
2024-03-01,3.740000009536743,3.9200000762939458,3.559999942779541,3.75,2422200,3.527999997138977,3.4942211120888325,45.797984680536395,0.1254550943403893,,,4.087029477846805,3.527999997138977,2.968970516431149,,
2024-03-04,3.950000047683716,4.289999961853027,3.859999895095825,4.0,7295100,3.5789999961853027,3.542390529985134,51.133292107376406,0.1498755456222085,,,4.114355920816541,3.5789999961853027,3.0436440715540645,,
2024-03-05,3.849999904632568,4.050000190734863,3.630000114440918,3.640000104904175,3851300,3.603999996185303,3.551686679977424,44.361585642596346,0.1385824540476452,,,4.100292236484849,3.603999996185303,3.1077077558857567,,
2024-03-06,3.859999895095825,3.984999895095825,3.7300000190734863,3.839999914169311,3475600,3.632499992847443,3.579145083233794,48.44633841852516,0.1441097037918854,,,4.114044361272298,3.632499992847443,3.1509556244225885,,
2024-03-07,4.050000190734863,4.110000133514404,3.859999895095825,4.039999961853027,4319700,3.6629999876022343,3.6230360240546737,52.2237015101511,0.1627523140472777,,,4.1661639578704985,3.6629999876022343,3.1598360173339697,,
2024-03-08,4.050000190734863,4.139999866485596,3.940000057220459,4.03000020980835,4838900,3.6845000028610233,3.661794517935976,52.01847632376111,0.1747059194797358,,,4.2112532742135995,3.6845000028610233,3.157746731508447,,
2024-03-11,4.150000095367432,4.21999979019165,3.6700000762939458,3.7100000381469727,7572000,3.682500004768371,3.6663855198608326,45.81397796202952,0.1565532499910986,,,4.208546589536331,3.682500004768371,3.1564534200004117,,
2024-03-12,3.7300000190734863,3.740000009536743,3.450000047683716,3.5399999618530273,4214400,3.657500004768372,3.6543488000505655,42.88738576859349,0.1269857307729505,0.1441039416129109,-0.0171182108399604,4.160217637171596,3.657500004768372,3.1547823723651476,,
2024-03-13,3.4600000381469727,3.5399999618530273,3.184999942779541,3.319999933242798,6818400,3.6399999976158144,3.6225060508307783,39.38137395197928,0.0848233048209023,0.1322478142545092,-0.0474245094336068,4.163688861566605,3.6399999976158144,3.1163111336650235,,
2024-03-14,3.259999990463257,3.259999990463257,2.950000047683716,3.049999952316284,3679600,3.6024999976158143,3.567981660496065,35.541274450782446,0.0292849577495655,0.1116552429535205,-0.0823702852039549,4.179669851138959,3.6024999976158143,3.025330144092669,,
2024-03-15,3.130000114440918,3.509999990463257,2.9809999465942383,3.4200000762939453,7915500,3.592500007152558,3.553888176286339,43.65025711423879,0.0149539554582793,0.0923149854544722,-0.0773610299961929,4.175016131924877,3.592500007152558,3.0099838823802387,,
2024-03-18,3.440000057220459,3.440000057220459,3.1449999809265137,3.2200000286102295,3969600,3.5670000076293946,3.5220893050790907,40.671802476908496,-0.0123988729949426,0.0713722137645892,-0.0837710867595319,4.167578089034461,3.5670000076293946,2.966421926224328,,
2024-03-19,3.130000114440918,3.190000057220459,3.0299999713897705,3.0799999237060547,5246100,3.54375,3.479985554472135,38.68206064473003,-0.0448559535361763,0.0481265803044361,-0.0929825338406125,4.180828329091202,3.54375,2.906671670908798,,
2024-03-20,3.1700000762939453,3.380000114440918,3.009999990463257,3.3399999141693115,3376300,3.5487499952316286,3.466653588729009,44.146932642462296,-0.0490333712049042,0.028694590002568,-0.0777279612074723,4.177732352489993,3.5487499952316286,2.9197676379732633,,
2024-03-21,3.390000104904175,3.5399999618530273,3.244999885559082,3.4700000286102295,3342100,3.5605000019073487,3.4669722972891255,46.70456175193308,-0.0413771124292199,0.0146802495162104,-0.0560573619454304,4.1741929556686745,3.5605000019073487,2.946807048146023,,
2024-03-22,3.4800000190734863,3.5,3.2300000190734863,3.390000104904175,1592400,3.5730000019073485,3.4596416123000826,45.328947415488535,-0.0412888453373097,0.0034864305455064,-0.0447752758828161,4.161594983024231,3.5730000019073485,2.984405020790466,,
2024-03-25,3.4800000190734863,3.559999942779541,3.369999885559082,3.380000114440918,3633900,3.575000011920929,3.452056707742067,45.14993250986026,-0.0415468820932827,-0.0055202319822513,-0.0360266501110313,4.160679134624641,3.575000011920929,2.9893208892172165,,
2024-03-26,3.450000047683716,3.4800000190734863,3.2200000286102295,3.240000009536743,2343900,3.552500009536743,3.431860831722512,42.61266800116556,-0.0524436784375459,-0.0149049212733103,-0.0375387571642356,4.1531621713028555,3.552500009536743,2.9518378477706313,,
2024-03-27,3.3399999141693115,3.4200000762939453,3.200000047683716,3.369999885559082,2500800,3.5295000076293945,3.4259693130402806,45.666036935793485,-0.0500130452532063,-0.0219265460692895,-0.0280864991839168,4.121056472224419,3.5295000076293945,2.9379435430343706,,
2024-03-28,3.4700000286102295,3.5399999618530273,3.369999885559082,3.5399999618530273,3689500,3.518500006198883,3.4368293748319707,49.4534739787629,-0.0339774941337283,-0.0243367356821772,-0.009640758451551,4.1006091472272095,3.518500006198883,2.9363908651705564,,
2024-04-01,3.5899999141693115,3.619999885559082,3.4700000286102295,3.5299999713897705,2793200,3.507500004768372,3.4457027649803327,49.23605749766526,-0.0218245402835282,-0.0238342966024474,0.0020097563189192,4.079929085403472,3.507500004768372,2.9350709241332713,,
2024-04-02,3.359999895095825,3.390000104904175,3.1700000762939453,3.369999885559082,2100300,3.475999999046326,3.438492966940214,45.76891576931282,-0.0248178221448389,-0.0240310017109257,-0.0007868204339132,4.004181841228234,3.475999999046326,2.9478181568644186,,
2024-04-03,3.319999933242798,3.5350000858306885,3.265000104904175,3.4600000381469727,1957100,3.466999995708466,3.440541259436096,47.9876364316579,-0.0197006624605662,-0.0231649338608538,0.0034642714002876,3.989804023022551,3.466999995708466,2.944195968394381,,
2024-04-04,3.509999990463257,3.660000085830689,3.4700000286102295,3.490000009536743,2436900,3.4495000004768372,3.4452516165885383,48.74045678209085,-0.0130738226829856,-0.0211467116252802,0.0080728889422945,3.9438471092336895,3.4495000004768372,2.955152891719985,,
2024-04-05,3.4000000953674316,3.555000066757202,3.371999979019165,3.450000047683716,1857200,3.4200000047683714,3.445703848121412,47.748107983460066,-0.0109237449118122,-0.0191021182825866,0.0081783733707743,3.8337149719637176,3.4200000047683714,3.0062850375730252,,
2024-04-08,3.569999933242798,3.5799999237060547,3.319999933242798,3.380000114440918,1564300,3.3875,3.439446349675651,45.983690671263744,-0.0146987641826905,-0.0182214474626074,0.0035226832799168,3.6921883999386065,3.3875,3.082811600061394,,
2024-04-09,3.3399999141693115,3.3550000190734863,3.130000114440918,3.1700000762939453,2029300,3.3605000019073485,3.413784799829774,41.07940541220491,-0.0342410328746449,-0.0214253645450149,-0.01281566832963,3.640819480200605,3.3605000019073485,3.080180523614092,,
2024-04-10,3.0799999237060547,3.180000066757202,3.0399999618530273,3.130000114440918,1556100,3.3400000095367433,3.3867576869355975,40.199933211148746,-0.0523525960959374,-0.0276108108551994,-0.024741785240738,3.624745516370708,3.3400000095367433,3.0552545027027787,,
2024-04-11,3.140000104904175,3.1649999618530273,3.0,3.0,1029800,3.324000012874603,3.3499236215131596,37.397655424441055,-0.076316335998551,-0.0373519158838697,-0.0389644201146812,3.645085678664937,3.324000012874603,3.00291434708427,,
2024-04-12,3.052000045776367,3.0899999141693115,2.940000057220459,3.009999990463257,1665800,3.322000014781952,3.3175499423655497,37.757087057848025,-0.0934239240220651,-0.0485663175115088,-0.0448576065105562,3.6503047527681898,3.322000014781952,2.9936952767957146,,
2024-04-15,3.0,3.109999895095825,2.7699999809265137,2.8299999237060547,2392500,3.2925000071525576,3.2711166072551214,33.975694191485644,-0.120121624533688,-0.0628773789159446,-0.0572442456177433,3.68082334497317,3.2925000071525576,2.9041766693319446,,
2024-04-16,2.75,2.805000066757202,2.6500000953674316,2.7200000286102295,2609400,3.2675000071525577,3.218629314050846,31.874795935620124,-0.1484446393634448,-0.0799908310054447,-0.0684538083580001,3.7287971027478015,3.2675000071525577,2.806202911557314,,
2024-04-17,2.759999990463257,2.799999952316284,2.609999895095825,2.700000047683716,2164200,3.248500013351441,3.16923605058731,31.493484881862727,-0.1705387988696323,-0.0981004245782822,-0.07243837429135,3.7668927176671705,3.248500013351441,2.730107309035711,,
2024-04-18,2.75,2.9100000858306885,2.700000047683716,2.880000114440918,1657000,3.2255000233650213,3.1416897709543203,38.61132178788595,-0.1715465960192657,-0.1127896588664789,-0.0587569371527867,3.765961850379429,3.2255000233650213,2.685038196350614,,
2024-04-19,2.930000066757202,3.0999999046325684,2.859999895095825,3.0999999046325684,2780900,3.2070000171661377,3.137719307495106,45.99667006646619,-0.1528313929044675,-0.1207980056740766,-0.0320333872303908,3.7379651676136096,3.2070000171661377,2.6760348667186658,,
2024-04-22,3.299999952316284,3.359999895095825,3.0999999046325684,3.2699999809265137,7754100,3.2010000109672547,3.150317466869526,50.911145093969026,-0.1228655565386054,-0.1212115158469824,-0.0016540406916229,3.726238988344692,3.2010000109672547,2.6757610335898177,,
2024-04-23,3.240000009536743,3.509999990463257,3.2200000286102295,3.5,2871800,3.207000005245209,3.1836205652629044,56.65798536223277,-0.0796402922627526,-0.1128972711301364,0.0332569788673838,3.742914154070143,3.207000005245209,2.671085856420275,,
2024-04-24,3.450000047683716,3.509999990463257,3.2899999618530273,3.4200000762939453,2665800,3.216000008583069,3.2061328996468133,54.27777865557595,-0.0512485230857131,-0.1005675215212518,0.0493189984355386,3.759816136209984,3.216000008583069,2.6721838809561542,,
2024-04-25,3.359999895095825,3.5199999809265137,3.2799999713897705,3.4600000381469727,3194800,3.2205000162124637,3.2303107223611143,55.28917394859378,-0.0252293505845346,-0.0854998873339084,0.0602705367493737,3.7707899314900257,3.2205000162124637,2.6702101009349017,,
2024-04-26,3.4600000381469727,3.509999990463257,3.369999885559082,3.4800000190734863,1265100,3.2175000190734866,3.25409065538134,55.81545613468412,-0.0029610049830974,-0.0689921108637462,0.0660311058806487,3.7614071785859906,3.2175000190734866,2.6735928595609826,,
2024-04-29,3.5,3.506999969482422,3.1600000858306885,3.1700000762939453,1948300,3.199500024318695,3.246082028801588,46.64964269253994,-0.0102098919845206,-0.0572356670879011,0.0470257751033805,3.72434190888732,3.199500024318695,2.6746581397500697,,
2024-04-30,3.109999895095825,3.190000057220459,2.9189999103546143,2.930000066757202,2254600,3.1775000333786014,3.2159789847973608,41.03177884903845,-0.034918167267945,-0.0527721671239098,0.0178539998559648,3.7087579841714535,3.1775000333786014,2.6462420825857493,,
2024-05-01,2.9100000858306885,3.140000104904175,2.880000114440918,3.0,1544300,3.154500031471253,3.1954095576738024,43.18103060344457,-0.0482945345131633,-0.0518766406017605,0.0035821060885972,3.674556770453379,3.154500031471253,2.634443292489127,,
2024-05-02,3.109999895095825,3.288000106811523,3.049999952316284,3.200000047683716,2095800,3.1400000333786013,3.195846747198556,48.910543511748315,-0.0422698094967484,-0.0499552743807581,0.0076854648840097,3.6375138675788703,3.1400000333786013,2.642486199178332,,
2024-05-03,3.259999990463257,3.390000104904175,3.2100000381469727,3.3499999046325684,1739400,3.135000026226044,3.2105280002875096,52.758199375647145,-0.0251020755592299,-0.0449846346164525,0.0198825590572225,3.621847027188413,3.135000026226044,2.6481530252636745,,
2024-05-06,3.430000066757202,3.5,3.369999885559082,3.430000066757202,1524700,3.137500023841858,3.2314301018560516,54.71697666341766,-0.0049837289081069,-0.0369844534747834,0.0320007245666764,3.629836289549915,3.137500023841858,2.645163758133801,,
2024-05-07,3.4700000286102295,3.4700000286102295,3.299999952316284,3.380000114440918,1326300,3.148000025749207,3.245579626864134,53.23141715963374,0.0068467029432759,-0.0282182221911715,0.0350649251344474,3.651491839463562,3.148000025749207,2.6445082120348524,,
2024-05-08,3.299999952316284,3.494999885559082,3.2899999618530273,3.4800000190734863,2223200,3.165500020980835,3.26790537850312,55.81519731420713,0.0240147350716779,-0.0177716307386016,0.0417863658102795,3.6891974592951593,3.165500020980835,2.641802582666511,,
2024-05-09,3.650000095367432,3.930000066757202,3.509999990463257,3.900000095367432,10843000,3.210500025749207,3.328104875347341,64.64883439311699,0.0706960798900659,-7.808861286811307e-05,0.0707741685029341,3.8176071214466822,3.210500025749207,2.603392930051731,,
2024-05-10,4.0,4.039999961853027,3.4600000381469727,3.640000104904175,8204700,3.242000031471253,3.357809182924182,57.0456146426774,0.0857233897833005,0.0170822070663656,0.0686411827169349,3.869267147597357,3.242000031471253,2.614732915345149,,
2024-05-13,3.7699999809265137,3.7799999713897705,3.5999999046325684,3.634999990463257,2281600,3.2822500348091133,3.384208307451713,56.90700486470001,0.0961211489205102,0.0328899954371945,0.0632311534833157,3.901866657965889,3.2822500348091133,2.6626334116523376,,
2024-05-14,3.569999933242798,3.6050000190734863,3.4600000381469727,3.5799999237060547,3043500,3.325250029563904,3.4028551280473645,55.314864287776686,0.098784673985607,0.046068931146877,0.05271574283873,3.90060622086635,3.325250029563904,2.7498938382614577,,
2024-05-15,3.700000047683716,3.849999904632568,3.5799999237060547,3.8299999237060542,3294800,3.3817500233650213,3.4435355847767637,60.69752557107473,0.1196887500453196,0.0607928949265655,0.058895855118754,3.921224520288666,3.3817500233650213,2.8422755264413766,,
2024-05-16,3.799999952316284,3.839999914169311,3.6700000762939458,3.700000047683716,3115200,3.422750020027161,3.467960771720283,56.861844191631455,0.1243322525741348,0.0735007664560794,0.0508314861180553,3.9269471593492113,3.422750020027161,2.9185528807051107,,
2024-05-17,3.7300000190734863,3.900000095367432,3.6700000762939458,3.694999933242798,3020900,3.4525000214576727,3.4895835490081417,56.7133946467643,0.1261545630606932,0.0840315257770022,0.042123037283691,3.9471362318303234,3.4525000214576727,2.957863811085022,,
2024-05-20,3.700000047683716,4.0,3.680000066757202,3.9200000762939458,3034700,3.485000026226044,3.530575599225837,61.57479765853905,0.1440933697187931,0.0960438945653604,0.0480494751534327,4.011773209548477,3.485000026226044,2.9582268429036107,,
2024-05-21,3.880000114440918,4.050000190734863,3.849999904632568,4.039999961853027,4935700,3.512000024318695,3.5790922051903316,63.90320752401336,0.1660785410799228,0.1100508238682728,0.0560277172116499,4.091770645294081,3.512000024318695,2.9322294033433094,,
2024-05-22,4.050000190734863,4.210000038146973,3.950000047683716,4.150000095367432,6016900,3.5485000252723697,3.633464385207198,65.94061162597369,0.1901856969158042,0.1260777984777791,0.064107898438025,4.189219146816311,3.5485000252723697,2.9077809037284292,,
2024-05-23,4.199999809265137,4.289999961853027,3.993000030517578,4.170000076293945,5461400,3.5840000271797186,3.684563022453555,66.31291167325861,0.2085011514261929,0.1425624690674619,0.065938682358731,4.277661331643271,3.5840000271797186,2.890338722716166,,
2024-05-24,4.190000057220459,4.820000171661377,4.099999904632568,4.820000171661377,8918900,3.6510000348091127,3.792699893806681,75.63465800330123,0.2723266444602106,0.1685153041460116,0.1038113403141989,4.526549046752613,3.6510000348091127,2.775451022865613,,
2024-05-28,4.929999828338623,5.150000095367432,4.815000057220459,4.960000038146973,8164300,3.740500032901765,3.903871336124804,77.10422070150481,0.3303970155944293,0.2008916464356952,0.1295053691587341,4.755866510293197,3.740500032901765,2.725133555510332,,
2024-05-29,5.119999885559082,5.340000152587891,4.949999809265137,5.230000019073486,7067800,3.8555000305175784,4.030169305929441,79.65302376971667,0.3936669969775486,0.2394467165440659,0.1542202804334826,4.991461776502355,3.8555000305175784,2.7195382845328018,,
2024-05-30,5.300000190734863,5.340000152587891,4.820000171661377,4.889999866485596,5852900,3.950000023841858,4.112057930744313,69.2053295342491,0.4116287423336358,0.2738831217019798,0.1377456206316559,5.099934811152896,3.950000023841858,2.80006523653082,,
2024-05-31,4.889999866485596,4.920000076293945,4.460000038146973,4.75,5653900,4.027500021457672,4.172814318292473,65.40135065272672,0.4098423284931591,0.3010749630602157,0.1087673654329434,5.173722083742917,4.027500021457672,2.8812779591724267,,
2024-06-03,4.949999809265137,5.010000228881836,4.739999771118164,4.869999885559082,2535200,4.103500020503998,4.239212943746436,67.07206040020698,0.4133447891072634,0.3235289282696253,0.0898158608376381,5.261464156041817,4.103500020503998,2.945535884966179,,
2024-06-04,6.25,7.059999942779541,6.039999961853027,6.829999923706055,68790600,4.273500013351441,4.485954560885447,82.19514221413665,0.5677316796501835,0.372369478545737,0.1953622011044464,5.892549381286868,4.273500013351441,2.654450645416014,,
2024-06-05,6.900000095367432,7.269999980926514,6.28000020980835,7.150000095367432,18606600,4.462000012397767,4.739673183217064,83.52549531492956,0.707747272206368,0.4394450372778632,0.2683022349285048,6.455583215514012,4.462000012397767,2.468416809281522,,
2024-06-06,7.329999923706055,8.359999656677246,7.099999904632568,7.849999904632568,29395100,4.680500006675721,5.035894775732826,85.99129986607,0.8652210429287299,0.5246002384080366,0.3406208045206933,7.106659287169933,4.680500006675721,2.2543407261815083,,
2024-06-07,7.789999961853027,8.40999984741211,7.690000057220459,7.78000020980835,16940400,4.874500012397767,5.297238150406685,84.62722164508094,0.9731538387174954,0.6143109584699283,0.358842880247567,7.619540836316597,4.874500012397767,2.129459188478936,,
2024-06-10,7.824999809265137,8.59000015258789,7.800000190734863,8.210000038146973,14320100,5.103000009059906,5.574644044477189,86.08722952718058,1.0809284788329423,0.7076344625425312,0.3732940162904111,8.143841045864828,5.103000009059906,2.0621589722549833,,
2024-06-11,8.100000381469727,8.755000114440918,7.920000076293945,8.710000038146973,13160200,5.356750011444092,5.873249377207645,87.56599797062435,1.1929350660591984,0.8046945832458646,0.3882404828133338,8.697444997120547,5.356750011444092,2.0160550257676366,,
2024-06-12,9.0,9.75,8.569999694824219,9.56999969482422,28291800,5.65625,6.2253208360282715,89.61131285355492,1.335698774349645,0.9108954214666208,0.4248033528830239,9.36035156701851,5.65625,1.9521484329814895,,
2024-06-13,9.949999809265137,10.699999809265137,9.329999923706056,9.850000381469728,23410600,5.957250022888184,6.570528411784601,90.1778165990274,1.4546652812116063,1.019649393415618,0.4350158877959884,9.983220085849036,5.957250022888184,1.9312799599273311,,
2024-06-14,9.899999618530272,10.359999656677246,9.539999961853027,10.329999923706056,12753800,6.288750016689301,6.928573317681882,91.0761936801216,1.5695858380344276,1.12963668233938,0.4399491556950476,10.598508572943338,6.288750016689301,1.978991460435264,,
2024-06-17,10.43000030517578,10.51200008392334,9.579999923706056,9.6899995803833,17401700,6.588499999046327,7.1915662950820165,80.50341813041899,1.5906821347897004,1.221845772829444,0.3688363619602564,10.96831853699316,6.588499999046327,2.208681461099496,,
2024-06-18,9.600000381469728,9.609999656677246,8.600000381469727,8.90999984741211,14558400,6.837999987602235,7.355226633399168,69.85935072682429,1.5268609397622024,1.2828488062159955,0.2440121335462066,11.149322683693503,6.837999987602235,2.526677291510964,,
2024-06-20,9.039999961853027,9.449999809265137,8.760000228881836,9.09000015258789,9724300,7.090499997138978,7.520443159036189,70.81823954512163,1.4738174530194987,1.3210425355766964,0.1527749174428023,11.30725449442336,7.090499997138978,2.8737454998545964,,
2024-06-21,8.890000343322754,9.06999969482422,8.3100004196167,8.970000267028809,21885000,7.331500005722047,7.658496216940248,69.23682734970106,1.4058908847517602,1.3380122054117092,0.0678786793400509,11.39670489505535,7.331500005722047,3.2662951163887435,,
2024-06-24,8.829999923706055,9.25,8.579999923706055,8.729999542236328,14045500,7.559499979019165,7.760544152682732,66.05957201514991,1.3175051579516914,1.3339107959197056,-0.0164056379680141,11.394874624466048,7.559499979019165,3.724125333572281,,
2024-06-25,9.369999885559082,9.670000076293944,9.079999923706056,9.270000457763672,16294100,7.78199999332428,7.904301896023774,69.45589503261392,1.276319773715053,1.322392591478775,-0.0460728177637221,11.469311233798576,7.78199999332428,4.0946887528499865,,
2024-06-26,9.482999801635742,10.170000076293944,9.470000267028809,9.949999809265137,24171000,8.031499981880188,8.099130268713427,73.10555901355126,1.283752030359226,1.3146644792548654,-0.0309124488956393,11.59444414337785,8.031499981880188,4.4685558203825275,,
2024-06-27,9.880000114440918,10.109999656677246,9.199999809265137,9.550000190734863,14159100,8.247499990463258,8.237308356524993,67.96129900455404,1.2430365692106893,1.30033889724603,-0.0573023280353408,11.623804960642325,8.247499990463258,4.87119502028419,,
2024-06-28,9.710000038146973,9.710000038146973,9.0,9.300000190734863,34888400,8.46800000667572,8.33851710264022,64.88801893931962,1.1770283125363568,1.2756767803040956,-0.0986484677677388,11.496521781546994,8.46800000667572,5.439478231804445,,
2024-07-01,9.345000267028809,9.970000267028809,9.109999656677246,9.850000381469728,11372300,8.723000025749208,8.482467891100173,68.28584488587688,1.155773672949432,1.251696158833163,-0.0959224858837308,11.278215143741738,8.723000025749208,6.167784907756678,,
2024-07-02,9.789999961853027,10.5,9.649999618530272,10.260000228881836,14474200,8.992500042915346,8.651756685174616,70.57203119758371,1.1586565081327294,1.2330882286930762,-0.0744317205603468,10.9269134348852,8.992500042915346,7.058086650945491,,
2024-07-03,10.0,10.520000457763672,9.920000076293944,10.119999885559082,7274100,9.157000041007995,8.791589370925518,68.74956894176665,1.1365429583601898,1.213779174626499,-0.0772362162663091,10.875337609548792,9.157000041007995,7.438662472467202,,
2024-07-05,9.505000114440918,10.449999809265137,9.460000038146973,10.289999961853027,9804100,9.314000034332276,8.934295141490043,69.77042080512275,1.119826730768569,1.194988685854913,-0.075161955086344,10.83229381868698,9.314000034332276,7.795706249977573,,
2024-07-08,10.289999961853027,11.0,9.199999809265137,10.359999656677246,19997200,9.43950002193451,9.070076523888824,70.20206371782703,1.0995524343136065,1.1759014355466515,-0.0763490012330452,10.86511525547212,9.43950002193451,8.013884788396899,,
2024-07-09,10.350000381469728,10.619999885559082,9.359999656677246,9.5600004196167,13179200,9.528500032424928,9.116735942529576,59.708833340461695,1.007319898985788,1.142185128234479,-0.1348652292486911,10.733826100551012,9.528500032424928,8.323173964298842,,
2024-07-10,9.970000267028809,10.199999809265137,9.670000076293944,9.770000457763672,10552600,9.606500053405762,9.178951610647108,61.342298374929904,0.9403306518547954,1.1018142329585423,-0.1614835811037469,10.651703842873545,9.606500053405762,8.56129626393798,,
2024-07-11,10.029999732971191,10.199999809265137,9.229999542236328,9.710000038146973,12600600,9.65650005340576,9.22952765136138,60.58651803415947,0.8723438218898103,1.055920150744796,-0.1835763288549856,10.617671711026968,9.65650005340576,8.695328395784554,,
2024-07-12,9.489999771118164,10.130000114440918,9.420000076293944,10.100000381469728,11664700,9.683000087738035,9.312429816133603,63.71582511880846,0.8402476853801453,1.012785657671866,-0.1725379722917206,10.662226309776374,9.683000087738035,8.7037738656997,,
2024-07-15,10.800000190734863,11.270000457763672,10.5600004196167,11.010000228881836,19346800,9.741000080108645,9.474103188776292,69.75083266131308,0.8781182479039646,0.9858521757182857,-0.107733927814321,10.87767771812452,9.741000080108645,8.604322442092766,,
2024-07-16,11.100000381469728,11.8100004196167,11.079999923706056,11.699999809265137,13766500,9.809500074386596,9.686093343108563,73.36791154931105,0.952824572556862,0.979246655086001,-0.0264220825291389,11.213572323423849,9.809500074386596,8.405427825349346,,
2024-07-17,11.470000267028809,12.25,10.789999961853027,11.21500015258789,17466700,9.885750102996829,9.831703515439928,67.27820661056109,0.961807337805741,0.975758791629949,-0.013951453824208,11.415584287938335,9.885750102996829,8.355915918055318,,
2024-07-18,11.579999923706056,11.579999923706056,10.010000228881836,10.15999984741211,13604800,9.948250102996829,9.862969832770611,56.32614327523551,0.8737247809604316,0.9553519894960456,-0.081627208535614,11.414330764360072,9.948250102996829,8.482169441633582,,
2024-07-19,10.199999809265137,10.550000190734863,9.720000267028809,10.390000343322754,12762700,10.01325011253357,9.91316321472796,57.93387976838412,0.8131048710721007,0.9269025658112566,-0.1137976947391559,11.435994840218196,10.01325011253357,8.590505384848942,,
2024-07-22,10.630000114440918,11.100000381469728,10.0,11.050000190734863,9812000,10.117250108718872,10.021433402919092,62.23056517604842,0.8089940477785404,0.9033208622047134,-0.0943268144261729,11.523747410610763,10.117250108718872,8.71075280682698,,
2024-07-23,10.800000190734863,11.28600025177002,10.68000030517578,10.920000076293944,6473700,10.226750135421751,10.107011181335745,60.910849612894225,0.7861836323905358,0.8798934162418779,-0.0937097838513421,11.520683020885516,10.226750135421751,8.93281724995799,,
2024-07-24,10.93000030517578,11.020000457763672,10.074999809265137,10.109999656677246,6542300,10.268750095367434,10.107295798034936,53.32302070889325,0.6947374485998505,0.8428622227134724,-0.1481247741136219,11.488118157627747,10.268750095367434,9.04938203310712,,
2024-07-25,10.0600004196167,10.149999618530272,9.380000114440918,9.40999984741211,11345000,10.241750097274782,10.04088665988038,47.78320280360248,0.5593339016019545,0.7861565584911689,-0.2268226568892144,11.51104617005176,10.241750097274782,8.972454024497802,,
2024-07-26,9.720000267028809,10.229999542236328,9.479999542236328,10.210000038146973,9420900,10.274750089645387,10.05699269590577,53.70304374197181,0.5106920050485257,0.7310636478026403,-0.2203716427541145,11.504081025151589,10.274750089645387,9.045419154139186,,
2024-07-29,10.520000457763672,10.829999923706056,9.529999732971191,9.5600004196167,9047400,10.28775010108948,10.009660098163954,48.8565231778411,0.4149105837059768,0.6678330349833077,-0.2529224512773309,11.480530253874717,10.28775010108948,9.09496994830424,,
2024-07-30,9.56999969482422,9.699999809265137,9.015000343322754,9.220000267028809,7754800,10.256250095367433,9.934454399960607,46.49295050391987,0.3080173145421998,0.5958698908950861,-0.2878525763528863,11.524496313441157,10.256250095367433,8.988003877293707,,
2024-07-31,9.699999809265137,10.15999984741211,9.5,9.75,13160500,10.23075008392334,9.916887314250074,50.51203571575304,0.2630380388868882,0.5293035204934465,-0.2662654816065583,11.518035012148376,10.23075008392334,8.943465155698304,,
2024-08-01,9.800000190734863,10.114999771118164,9.3100004196167,9.460000038146973,6085600,10.197750091552734,9.873374240335492,48.37107393987407,0.2016663810730907,0.4637760926093754,-0.2621097115362846,11.52782696668996,10.197750091552734,8.86767321641551,,
2024-08-02,8.949999809265137,9.170000076293944,8.770000457763672,8.890000343322754,7989000,10.127750110626222,9.779719583477137,44.388651222791545,0.1058149198817375,0.3921838580638478,-0.2863689381821103,11.573379515951451,10.127750110626222,8.68212070530099,,
2024-08-05,7.059999942779541,8.479999542236328,6.710000038146973,8.220000267028809,13855700,10.0207501411438,9.631174886672534,40.199140495981155,-0.0239355463387163,0.308959977183335,-0.3328955235220514,11.682424696068749,10.0207501411438,8.359075586218852,,
2024-08-06,9.270000457763672,9.869999885559082,8.402000427246094,9.710000038146973,15398700,10.028250122070313,9.638682043955814,51.22442465767922,-0.0064587441562711,0.2458762329154138,-0.2523349770716849,11.68287769096746,10.028250122070313,8.373622553173167,,
2024-08-07,9.779999732971191,10.0600004196167,9.479999542236328,9.81999969482422,10240500,10.03075008392334,9.655950391657568,51.92904460020811,0.0160824124356402,0.1999174688194591,-0.1838350563838189,11.683959829474144,10.03075008392334,8.377540338372537,,
2024-08-08,9.729999542236328,10.420000076293944,9.149999618530272,10.140000343322754,10613700,10.052250099182128,9.702050387054252,54.0104464468521,0.0590867046606895,0.1717513159877052,-0.1126646113270156,11.699388364666328,10.052250099182128,8.405111833697928,,
2024-08-09,10.0,10.024999618530272,9.399999618530272,9.699999809265137,7541200,10.0322500705719,9.70185509393148,50.75620794981979,0.0570064157422631,0.1488023359386168,-0.0917959201963536,11.686282868463849,10.0322500705719,8.37821727267995,,
2024-08-12,9.59000015258789,10.005000114440918,9.40999984741211,9.470000267028809,4319000,9.955250072479249,9.67977368184551,49.09113548060011,0.0363793721577785,0.1263177431824491,-0.0899383710246706,11.562774377607797,9.955250072479249,8.347725767350703,,
2024-08-13,8.550000190734863,8.970000267028809,8.28499984741211,8.460000038146973,51250600,9.79325008392334,9.56360476339803,42.49800462406136,-0.0607658155432329,0.0889010314373127,-0.1496668469805456,11.315578107261867,9.79325008392334,8.270922060584812,,
2024-08-14,8.9399995803833,9.109999656677246,8.640000343322754,8.800000190734863,31624000,9.672500085830688,9.490880518382491,45.16773338340317,-0.1090617103670066,0.0493084830764488,-0.1583701934434555,11.105048437893728,9.672500085830688,8.239951733767649,,
2024-08-15,8.824000358581543,9.449999809265137,8.800000190734863,9.260000228881836,13316800,9.627500104904176,9.468891919382427,48.641944727103926,-0.1089623461702959,0.0176543172270999,-0.1266166633973958,11.052489512146613,9.627500104904176,8.202510697661738,,
2024-08-16,9.25,10.100000381469728,9.220000267028809,10.09000015258789,13612000,9.612500095367432,9.528045084449616,54.27193596067451,-0.0414319404650367,0.0058370656886725,-0.0472690061537093,11.011140415718792,9.612500095367432,8.213859775016072,,
2024-08-19,10.130000114440918,10.399999618530272,9.640000343322754,10.390000343322754,10589000,9.579500102996828,9.610136061485154,56.14332058220036,0.0358802950659686,0.0118457115641317,0.0240345835018368,10.867699920573491,9.579500102996828,8.291300285420162,,
2024-08-20,10.279999732971191,10.609999656677246,9.895000457763672,10.140000343322754,10758300,9.540500116348268,9.660599326422068,54.15440128741285,0.0761006471764034,0.0246966986865861,0.0514039484898172,10.705325786725329,9.540500116348268,8.375674445971208,,
2024-08-21,10.220000267028809,10.56999969482422,10.010000228881836,10.539999961853027,11108000,9.562000131607055,9.744351767891684,56.791878425064894,0.1386538766935316,0.0474881342879752,0.0911657424055564,10.782616321361507,9.562000131607055,8.341383941852602,,
2024-08-22,10.609999656677246,10.649999618530272,9.800000190734863,9.880000114440918,9496100,9.585500144958496,9.757270658039229,51.52472819126377,0.1334331555621837,0.0646771385428169,0.0687560170193667,10.811591030952682,9.585500144958496,8.35940925896431,,
2024-08-23,10.170000076293944,10.800000190734863,9.81999969482422,10.760000228881836,11447400,9.61300015449524,9.852768712405192,57.22161318732544,0.1980216805507204,0.0913460469443976,0.1066756336063228,10.91613634259249,9.61300015449524,8.30986396639799,,
2024-08-26,10.539999961853027,11.0,10.460000038146973,10.850000381469728,8550900,9.677500152587893,9.947743157078005,57.76825323399341,0.2535480677931865,0.1237864511141554,0.129761616679031,11.08710826963333,9.677500152587893,8.267892035542456,,
2024-08-27,10.755999565124512,10.890000343322754,10.260000228881836,10.420000076293944,4394900,9.737500143051149,9.992720006527142,54.20438480161755,0.2598601922250481,0.1510011993363339,0.1088589928887141,11.166134122242951,9.737500143051149,8.308866163859344,,
2024-08-28,10.460000038146973,10.600000381469728,9.59000015258789,10.130000114440918,6532500,9.756500148773194,10.00579430251893,51.87980416750464,0.2387103190568904,0.1685430232804452,0.0701672957764451,11.195364646165183,9.756500148773194,8.317635651381202,,
2024-08-29,10.289999961853027,10.800000190734863,10.05500030517578,10.229999542236328,7077100,9.795000123977662,10.027147182492016,52.63413169460999,0.2273967224209947,0.1803137631085551,0.0470829593124395,11.241257335366374,9.795000123977662,8.34874291258895,,
2024-08-30,10.300000190734863,10.369999885559082,9.890000343322754,10.31999969482422,9014600,9.866500091552735,10.055037897952223,53.343022889528,0.2231208771443729,0.1888751859157187,0.0342456912286541,11.267403703269704,9.866500091552735,8.465596479835767,,
2024-09-03,10.199999809265137,10.25,9.3100004196167,9.399999618530272,9967100,9.925500059127808,9.99265329991204,45.79756249546125,0.1438378483811853,0.179867718408812,-0.0360298700276267,11.129634249515568,9.925500059127808,8.721365868740047,,
2024-09-04,9.40999984741211,10.039999961853027,9.274999618530272,9.869999885559082,6500600,9.933500051498411,9.980972022354614,49.71114750107608,0.1175752363396043,0.1674092219949705,-0.0498339856553662,11.133921290478192,9.933500051498411,8.733078812518633,,
2024-09-05,10.149999618530272,10.380000114440918,9.760000228881836,10.239999771118164,10165800,9.95450005531311,10.005641331760666,52.611917268661585,0.1251748874474714,0.1589623550854707,-0.0337874676379993,11.160924151468873,9.95450005531311,8.748075959157347,,
2024-09-06,9.880000114440918,10.175000190734863,9.220000267028809,9.31999969482422,10934800,9.913500022888185,9.940342128242907,45.57279994879906,0.0563122161330635,0.1384323272949893,-0.0821201111619257,11.147344080811076,9.913500022888185,8.679655964965288,,
2024-09-09,9.43000030517578,10.0,9.130000114440918,10.0,12502200,9.928500032424926,9.946023830315012,50.81128250373941,0.0559632847055056,0.1219385187770925,-0.0659752340715869,11.1588866135822,9.928500032424926,8.698113451267654,,
2024-09-10,9.899999618530272,10.18000030517578,9.829999923706056,10.010000228881836,7475200,9.955500030517578,9.95211682065471,50.88614753771715,0.0558498862077616,0.1087207922632264,-0.0528709060554647,11.168025984439684,9.955500030517578,8.742974076595472,,
2024-09-11,9.949999809265137,10.350000381469728,9.449999809265137,9.970000267028809,14073800,10.031000041961672,9.953820006023673,50.55470410368273,0.0519336951433846,0.097363372839258,-0.0454296776958734,11.03107813289166,10.031000041961672,9.030921951031685,,
2024-09-12,10.100000381469728,10.649999618530272,9.710000038146973,10.390000343322754,10401600,10.110500049591066,9.995360990528347,53.946625509495455,0.081777896889692,0.0942462776493448,-0.0124683807596528,10.945712178117269,10.110500049591066,9.275287921064862,,
2024-09-13,10.5,11.31999969482422,10.380000114440918,11.18000030517578,17430700,10.206500053405762,10.10818378239953,59.56534018304696,0.1672481043670703,0.1088466429928899,0.0584014613741804,11.069524657366427,10.206500053405762,9.343475449445096,,
2024-09-16,11.010000228881836,11.449999809265137,10.510000228881836,11.18000030517578,10393700,10.261000061035157,10.21026154647346,59.56534018304697,0.2323059808309207,0.1335385105604961,0.0987674702704245,11.22003945875362,10.261000061035157,9.30196066331669,,
2024-09-17,11.407999992370604,11.84000015258789,10.920000076293944,11.479999542236328,14471200,10.315500020980837,10.331188974641352,61.62721046414434,0.3045614530301517,0.1677430990544272,0.1368183539757244,11.4117387341759,10.315500020980837,9.21926130778577,,
2024-09-18,11.470000267028809,12.479999542236328,11.420000076293944,12.029999732971191,16853700,10.409999990463255,10.49298047543467,65.13713656791724,0.4015757390223005,0.2145096270480019,0.1870661119742985,11.732028796688846,10.409999990463255,9.087971184237668,,
2024-09-19,12.460000038146973,12.630000114440918,11.510000228881836,11.609999656677246,14632800,10.463499975204469,10.59936325460063,60.58016551746184,0.4395034414596832,0.2595083899303382,0.179995051529345,11.885094506810262,10.463499975204469,9.041905443598676,,
2024-09-20,11.729999542236328,12.095000267028809,11.210000038146973,11.979999542236328,17770300,10.56849994659424,10.73085242485165,63.03369114234312,0.4937259520012667,0.3063519023445239,0.1873740496567427,12.107555113306416,10.56849994659424,9.029444779882065,,
2024-09-23,12.229999542236328,12.720000267028809,11.890000343322754,12.489999771118164,14601300,10.654999923706054,10.898390267353223,66.16018280347132,0.5712652482964842,0.359334571534916,0.2119306767615681,12.407101423485084,10.654999923706054,8.902898423927024,,
2024-09-24,12.510000228881836,12.949999809265137,12.1899995803833,12.890000343322754,9427100,10.756999921798704,11.08806741744556,68.41643315415017,0.6574141414865924,0.4189504855252512,0.2384636559613411,12.761914884213844,10.756999921798704,8.752084959383566,,
2024-09-25,12.81999969482422,12.897000312805176,12.279999732971191,12.350000381469728,7966600,10.853499937057496,11.208251509257384,62.3705893084048,0.6743408939921434,0.4700285672186297,0.2043123267735136,12.967087245039991,10.853499937057496,8.739912629075,,
2024-09-26,12.65999984741211,12.670000076293944,11.75,12.380000114440918,10033000,10.965999937057497,11.31984661451296,62.568487677154735,0.6823109392521189,0.5124850416253276,0.1698258976267913,13.151858228006338,10.965999937057497,8.780141646108655,,
2024-09-27,12.40999984741211,12.479999542236328,11.979999542236328,12.15999984741211,7592200,11.062499952316283,11.399861208122402,60.073390617217136,0.6632297746158748,0.5426339882234371,0.1205957863924377,13.280047087616904,11.062499952316283,8.844952817015661,,
2024-09-30,11.81999969482422,12.199999809265137,11.600000381469728,11.859999656677246,6359900,11.139499950408936,11.443683917508578,56.75000528256055,0.616790330986225,0.5574652567759947,0.0593250742102303,13.355518706573005,11.139499950408936,8.923481194244868,,
2024-10-01,11.895000457763672,11.895000457763672,11.039999961853027,11.760000228881836,7823800,11.257499980926514,11.473809280496509,55.64494757163277,0.5654000395321788,0.5590522133272315,0.0063478262049472,13.337614145355513,11.257499980926514,9.177385816497516,,
2024-10-02,11.670000076293944,12.130000114440918,11.43000030517578,12.0,4713100,11.36399998664856,11.523922682353982,57.770319055165686,0.5378389662652765,0.5548095639148406,-0.0169705976495641,13.365683249534795,11.36399998664856,9.362316723762325,,
2024-10-03,12.0,12.470000267028809,11.758000373840332,12.020000457763672,4605100,11.453000020980834,11.571168184773953,57.951144575175874,0.511711791917481,0.5461900095153687,-0.0344782175978877,13.404523499495117,11.453000020980834,9.501476542466552,,
2024-10-04,12.25,12.449999809265137,11.93000030517578,12.1899995803833,5136600,11.59650001525879,11.63010450816532,59.537097817499394,0.4989714936839657,0.5367463063490882,-0.0377748126651223,13.306696052441795,11.59650001525879,9.886303978075786,,
2024-10-07,12.220000267028809,12.699999809265137,12.010000228881836,12.369999885559082,9310500,11.715000009536745,11.700570734583772,61.20556208132264,0.4976624924189199,0.5289295435630545,-0.0312670511441346,13.289325084337886,11.715000009536745,10.1406749347356,,
2024-10-08,12.31999969482422,12.454999923706056,11.670000076293944,12.210000038146973,7429800,11.825,11.7490878111136,58.88138658059074,0.4782020336009651,0.5187840415706367,-0.0405820079696715,13.202570181442,11.825,10.447429818558,,
2024-10-09,12.229999542236328,12.300000190734863,11.880000114440918,12.010000228881836,4876600,11.92699999809265,11.773936612805814,56.017872421815774,0.4415512388181568,0.5033374810201408,-0.0617862422019839,13.010846768363791,11.92699999809265,10.84315322782151,,
2024-10-10,11.954999923706056,12.279999732971191,11.850000381469728,11.970000267028809,6408400,12.005999994277952,11.792609341779432,55.437191965552984,0.4046134255633724,0.4835926699287871,-0.0789792443654147,12.829198658460085,12.005999994277952,11.182801330095824,,
2024-10-11,12.06999969482422,13.289999961853027,12.0,13.220000267028809,22085700,12.107999992370605,11.928551334660323,66.9625069471789,0.4707776638900984,0.4810296687210494,-0.0102520048309509,12.99925993056827,12.107999992370605,11.21674005417294,,
2024-10-14,13.359999656677246,13.420000076293944,12.614999771118164,12.970000267028809,12904700,12.197499990463257,12.027736947266847,63.42917842416213,0.4973077347855099,0.4842852819339415,0.0130224528515683,13.05696231634916,12.197499990463257,11.338037664577357,,
2024-10-15,13.100000381469728,13.210000038146973,12.739999771118164,12.970000267028809,7690700,12.272000026702882,12.1174763110537,63.429178424162146,0.5124260782530197,0.4899134411977572,0.0225126370552624,13.128075037923274,12.272000026702882,11.41592501548249,,
2024-10-16,13.039999961853027,13.510000228881836,12.899999618530272,13.25,7964200,12.333000040054324,12.225335710000966,65.77493818078491,0.5407674818534378,0.5000842493288934,0.0406832325245444,13.280398783689275,12.333000040054324,11.385601296419368,,
2024-10-17,13.149999618530272,13.600000381469728,13.0,13.010000228881836,7130100,12.403000068664552,12.300065664180096,62.09817590334571,0.5376644119713649,0.5076002818573877,0.0300641301139772,13.333099151387025,12.403000068664552,11.47290098594208,,
2024-10-18,13.0600004196167,13.289999961853027,12.670000076293944,12.8100004196167,9318000,12.444500112533571,12.348630878983585,59.13177752989657,0.5131516013591728,0.5087105457577448,0.004441055601428,13.369453763902111,12.444500112533571,11.519546461165032,,
2024-10-21,12.710000038146973,12.880000114440918,12.050000190734863,12.829999923706056,10038800,12.461500120162968,12.394475549909531,59.34093929656151,0.4896939283982409,0.5049072222858441,-0.0152132938876031,13.401548647228958,12.461500120162968,11.521451593096977,,
2024-10-22,12.989999771118164,14.010000228881836,12.520000457763672,13.720000267028809,26012700,12.503000116348268,12.520715999158988,67.34931560469079,0.5367320304927929,0.5112721839272338,0.0254598465655591,13.578567069256406,12.503000116348268,11.42743316344013,,
2024-10-23,13.460000038146973,13.835000038146973,13.0,13.520000457763672,10714600,12.561500120162965,12.61588594759753,64.28508501349195,0.551514239309336,0.5193205950036542,0.0321936443056817,13.721384348659956,12.561500120162965,11.401615891665974,,
2024-10-24,13.68000030517578,14.0649995803833,13.5,13.68000030517578,9468800,12.626500129699709,12.717230172128792,65.63222982554939,0.5695741999784278,0.529371315998609,0.0402028839798188,13.880314909049623,12.626500129699709,11.37268535034979,,
2024-10-25,13.649999618530272,13.899999618530272,13.03499984741211,13.369999885559082,7911300,12.687000131607055,12.77939871626501,60.84364400236595,0.552503489536317,0.5339977507061506,0.0185057388301663,13.961537057204287,12.687000131607055,11.412463206009829,,
2024-10-28,13.800000190734863,14.399999618530272,13.609999656677246,14.199999809265137,13428100,12.80400013923645,12.9146940584555,67.64935514364146,0.5990434853598039,0.5470068976368814,0.0520365877229225,14.179040507873534,12.80400013923645,11.428959770599366,,
2024-10-29,14.380000114440918,14.640000343322754,14.029999732971191,14.300000190734863,8645100,12.931000137329102,13.046627975815438,68.36282756903326,0.6366569770725441,0.564936913524014,0.0717200635485301,14.3648188446879,12.931000137329102,11.497181429970304,,
2024-10-30,14.199999809265137,14.270000457763672,13.56999969482422,13.779999732971191,8845400,13.020000123977663,13.116472905068369,60.84787229561938,0.6173893687971326,0.5754274045786377,0.0419619642184948,14.432430620185182,13.020000123977663,11.607569627770143,,
2024-10-31,13.725000381469728,13.739999771118164,13.100000381469728,13.289999961853027,10144100,13.08350009918213,13.13299929142881,54.74128961258679,0.5561695871953241,0.571575841101975,-0.0154062539066509,14.422683072198918,13.08350009918213,11.744317126165342,,
2024-11-01,13.112000465393066,13.34000015258789,12.579999923706056,13.029999732971191,10424500,13.125500106811524,13.123189809670942,51.772273086139336,0.4811264968877164,0.5534859722591233,-0.0723594753714068,14.40114067337908,13.125500106811524,11.849859540243967,,
2024-11-04,12.859999656677246,12.949999809265137,12.510000228881836,12.600000381469728,6031600,13.137000131607056,13.07336224508035,47.21163715092346,0.3825471873031461,0.5192982152679279,-0.1367510279647817,14.38911982564432,13.137000131607056,11.884880437569793,,
2024-11-05,12.729999542236328,13.300000190734863,12.619999885559082,13.020000457763672,5202200,13.177500152587893,13.06828017009781,51.688227887657995,0.3344574529762543,0.4823300628095932,-0.1478726098333388,14.357379244477851,13.177500152587893,11.997621060697934,,
2024-11-06,14.149999618530272,14.43000030517578,13.649999618530272,14.329999923706056,18241200,13.293500137329104,13.188443956155735,62.39888957628967,0.3974702116502904,0.4653580925777326,-0.0678878809274422,14.447333147670724,13.293500137329104,12.139667126987485,,
2024-11-07,14.25,16.700000762939453,14.199999809265137,16.459999084472656,30650700,13.518000078201297,13.500020635043064,72.91377967077298,0.6122240700269952,0.4947312880675851,0.11749278195941,15.18675484061033,13.518000078201297,11.84924531579226,,
2024-11-08,16.5,17.010000228881836,16.040000915527344,16.959999084472656,12202500,13.705000019073488,13.829542392131597,74.7021710751026,0.8133876448802315,0.5584625594301145,0.254925085450117,15.940302504166027,13.705000019073488,11.469697533980948,,
2024-11-11,18.030000686645508,18.030000686645508,17.165000915527344,17.469999313354492,16473400,13.929999971389773,14.176252575105204,76.41287270021327,1.00240883836687,0.6472518152174657,0.3551570231494044,16.672458046872013,13.929999971389773,11.187541895907533,,
2024-11-12,16.795000076293945,17.375,16.5,17.059999465942383,9511200,14.134499931335451,14.450895136137316,72.18670944711008,1.1063723629475533,0.7390759247634833,0.36729643818407,17.155899415351417,14.134499931335451,11.113100447319487,,
2024-11-13,17.225000381469727,17.3799991607666,16.010000228881836,16.1299991607666,9921200,14.27849988937378,14.610809805149628,63.59487430965954,1.1010289762323833,0.8114665350572633,0.28956244117512,17.390709120704052,14.27849988937378,11.166290658043506,,
2024-11-14,16.43000030517578,16.639999389648438,15.359999656677246,15.4399995803833,6004800,14.399999856948853,14.689780259933787,58.072223741106214,1.0292525218097808,0.8550237324077669,0.1742287894020139,17.49431647937194,14.399999856948853,11.305683234525766,,
2024-11-15,15.8100004196167,15.994999885559082,15.279999732971191,15.829999923706056,7901700,14.55099983215332,14.79837260886448,60.177250127151446,0.9923991729766808,0.8824988205215497,0.109900352455131,17.614813107436046,14.55099983215332,11.487186556870595,,
2024-11-18,15.8100004196167,16.440000534057617,15.520000457763672,15.600000381469728,7437100,14.689499855041506,14.87471811101736,58.31772125339013,0.9338685325105088,0.8927727629193416,0.0410957695911673,17.67913780201045,14.689499855041506,11.69986190807256,,
2024-11-19,15.600000381469728,16.940000534057617,15.32900047302246,16.469999313354492,10229300,14.82699980735779,15.026649654097088,62.97795236047486,0.9467704408710064,0.9035722985096746,0.0431981423613316,17.87796029225234,14.82699980735779,11.77603932246324,,
2024-11-20,17.079999923706055,17.639999389648438,16.75,17.260000228881836,10225700,15.013999795913698,15.23934970883849,66.62673699558603,1.009109382951971,0.924679715398134,0.0844296675538371,18.177973981612393,15.013999795913698,11.850025610215004,,
2024-11-21,17.540000915527344,18.354999542236328,16.774999618530273,17.549999237060547,10514100,15.207499742507936,15.459411568669164,67.87826449928261,1.0695844364262186,0.9536606596037508,0.1159237768224676,18.49251289853661,15.207499742507936,11.92248658647926,,
2024-11-22,17.40999984741211,18.315000534057617,16.9950008392334,18.229999542236328,10549600,15.450499725341798,15.723277089961272,70.65697843038318,1.1590212184907038,0.9947327713811416,0.1642884471095622,18.872039631826407,15.450499725341798,12.02895981885719,,
2024-11-25,18.30500030517578,18.510000228881836,17.65999984741211,18.11000061035156,8960700,15.64599976539612,15.950584091903206,69.51417595675561,1.2063119880092152,1.0370486147067564,0.1692633733024588,19.203511993410768,15.64599976539612,12.088487537381472,,
2024-11-26,17.75,18.628999710083008,16.670000076293945,17.1200008392334,13622200,15.786999797821046,16.061957115458462,60.78004806769075,1.1506416748304265,1.0597672267314904,0.090874448098936,19.34348149720254,15.786999797821046,12.230518098439552,,
2024-11-27,17.360000610351562,17.885000228881836,17.1299991607666,17.709999084472656,5486600,15.98349976539612,16.218913493459812,63.706711604864765,1.1409779940418527,1.0760093801935628,0.0649686138482898,19.508849184707422,15.98349976539612,12.458150346084816,,
2024-11-29,17.979999542236328,18.399999618530273,17.469999313354492,17.8799991607666,4656900,16.2129997253418,16.37711212844141,64.52807173330777,1.133965395589447,1.0876005832727398,0.0463648123167075,19.602064692964746,16.2129997253418,12.823934757718858,,
2024-12-02,16.885000228881836,17.489999771118164,15.479999542236328,16.059999465942383,34015400,16.36449971199036,16.346910922489123,51.17522314398012,0.9703633511112476,1.064153136840441,-0.0937897857291938,19.425926894946056,16.36449971199036,13.303072529034662,,
2024-12-03,16.290000915527344,16.809999465942383,16.094999313354492,16.420000076293945,20022600,16.55549969673157,16.353871794280057,53.23655693172767,0.8598448367348777,1.0232914768193286,-0.1634466400844509,19.083886027189205,16.55549969673157,14.027113366273934,,
2024-12-04,16.489999771118164,17.5049991607666,16.18000030517578,17.469999313354492,13178600,16.77799963951111,16.460169653239525,58.71181146923713,0.8472180784364554,0.988076797142754,-0.1408587187062986,18.743202803031267,16.77799963951111,14.81279647599095,,
2024-12-05,17.790000915527344,17.979000091552734,16.915000915527344,16.940000534057617,10282700,16.90849967002869,16.50586783236506,55.198659516893834,0.7853913073078971,0.9475396991757826,-0.1621483918678855,18.521140602877583,16.90849967002869,15.295858737179795,,
2024-12-06,17.059999465942383,17.600000381469727,16.739999771118164,16.989999771118164,8423200,16.934999704360962,16.551975636055833,55.46936901574172,0.7319897441971008,0.9044297081800464,-0.1724399639829454,18.534655814050794,16.934999704360962,15.33534359467113,,
2024-12-09,16.799999237060547,16.81999969482422,15.869999885559082,16.040000915527344,8679100,16.888999795913698,16.503216138862644,49.36581008066688,0.6060257647418297,0.844748919492403,-0.2387231547505733,18.535364055596503,16.888999795913698,15.242635536230893,,
2024-12-10,16.15999984741211,16.5,15.56999969482422,15.779999732971191,8244100,16.804499816894534,16.4343383859206,47.81509550546555,0.4796889256514056,0.7717369207242036,-0.292047995072798,18.4957769762661,16.804499816894534,15.11322265752297,,
2024-12-11,15.90999984741211,16.30500030517578,15.770000457763672,15.859999656677246,8661900,16.744499826431277,16.379639459325997,48.35268684885219,0.3816222914955567,0.6937139948784743,-0.3120917033829176,18.479832224211872,16.744499826431277,15.00916742865068,,
2024-12-12,16.489999771118164,16.770000457763672,15.5,15.539999961853027,6111300,16.7149998664856,16.2996737929,46.29814206703289,0.2749134453020545,0.6099538849631904,-0.3350404396611358,18.51014312298997,16.7149998664856,14.919856609981233,,
2024-12-13,15.44499969482422,16.06999969482422,15.369999885559082,15.550000190734863,6360400,16.720499897003176,16.22827630697951,46.3748267748832,0.1889744707273273,0.5257580021160178,-0.3367835313886904,18.50059484194797,16.720499897003176,14.940404952058383,,
2024-12-16,15.880000114440918,17.104999542236328,15.760000228881836,16.559999465942383,12287700,16.75699987411499,16.2598689887855,53.58396424972021,0.200059552820921,0.4606183122569984,-0.2605587594360774,18.49192438454392,16.75699987411499,15.022075363686058,,
2024-12-17,16.75,16.878999710083008,15.730999946594238,16.030000686645508,10673400,16.77849988937378,16.23797676953407,49.800523007653645,0.1641854603540871,0.4013317418764162,-0.237146281522329,18.465535767113945,16.77849988937378,15.091464011633612,,
2024-12-18,15.989999771118164,16.270000457763672,14.119999885559082,14.449999809265137,15889100,16.67749991416931,16.06769324950846,40.59770594642391,0.0081679622445545,0.3226989859500438,-0.3145310237054893,18.64489262442053,16.67749991416931,14.710107203918088,,
2024-12-19,15.0,15.19200038909912,13.84000015258789,14.479999542236328,14264300,16.538499879837033,15.916484325006351,40.82131887611651,-0.1117679104218449,0.2358056066756661,-0.347573517097511,18.704438542812788,16.538499879837033,14.372561216861277,,
2024-12-20,14.149999618530272,14.640000343322754,13.899999618530272,14.130000114440918,19501800,16.367499923706056,15.746342971619168,38.97780787515411,-0.2323812361194068,0.1421682381166515,-0.3745494742360584,18.71906841852731,16.367499923706056,14.015931428884802,,
2024-12-23,13.9399995803833,14.260000228881836,13.56999969482422,14.050000190734863,11900900,16.15849995613098,15.584786516296854,38.549277251025785,-0.3306123970485277,0.0476121110836156,-0.3782245081321434,18.55339671313525,16.15849995613098,13.763603199126717,,
2024-12-24,14.25,14.994999885559082,14.114999771118164,14.960000038146973,4187700,16.000999927520752,15.525283042187342,45.84309222437108,-0.331213889754439,-0.0281530890839952,-0.3030608006704437,18.27298471854764,16.000999927520752,13.729015136493864,,
2024-12-26,14.619999885559082,14.720000267028809,14.350000381469728,14.5,4426800,15.869999885559082,15.4276370381695,43.06074986952639,-0.3646057871995189,-0.0954436287070999,-0.269162158492419,18.170747241329018,15.869999885559082,13.569252529789146,,
2024-12-27,14.5,14.5,13.729999542236328,14.050000190734863,5083000,15.686999940872193,15.296433528890011,40.472894094665094,-0.4225098991881868,-0.1608568828033173,-0.2616530163848695,17.955224542513797,15.686999940872193,13.418775339230589,,
2024-12-30,13.789999961853027,14.0,13.34000015258789,13.880000114440918,7112300,15.486999988555908,15.161535108466287,39.50694682745092,-0.476622700716284,-0.2240100463859107,-0.2526126543303733,17.649416109157848,15.486999988555908,13.324583867953969,,
2024-12-31,14.1899995803833,14.329999923706056,13.859999656677246,14.050000190734863,5954900,15.386500024795534,15.055674640110912,41.02280290630442,-0.5000259129132374,-0.2792132196913761,-0.2208126932218613,17.618756844999314,15.386500024795534,13.154243204591754,,
2025-01-02,14.279999732971191,14.6899995803833,13.9399995803833,14.479999542236328,7838400,15.289499998092651,15.000848440313334,44.79126075949073,-0.4783615193533173,-0.3190428796237643,-0.1593186397295529,17.502203919612974,15.289499998092651,13.076796076572332,,
2025-01-03,14.649999618530272,15.739999771118164,14.369999885559082,15.380000114440918,12185900,15.185000038146974,15.03695812356358,51.741685587744435,-0.3841416608686447,-0.3320626358727404,-0.0520790249959043,17.16062659173374,15.185000038146974,13.209373484560206,,
2025-01-06,15.600000381469728,15.699999809265137,15.010000228881836,15.119999885559082,8064200,15.094000005722048,15.044866862801246,49.791506843103406,-0.3266857596775683,-0.330987260633706,0.0043015009561377,16.898110842524968,15.094000005722048,13.289889168919128,,
2025-01-07,15.100000381469728,15.140000343322754,13.890000343322754,14.119999885559082,12795300,14.950500011444094,14.956784293540087,43.06795109221899,-0.3577196176084634,-0.3363337320286575,-0.0213858855798058,16.576298013281246,14.950500011444094,13.32470200960694,,
2025-01-08,14.0,14.260000228881836,13.595000267028809,14.050000190734863,7947500,14.85099997520447,14.870423902796732,42.63396056524461,-0.383541338165843,-0.3457752532560946,-0.0377660849097483,16.44109294586711,14.85099997520447,13.26090700454183,,
2025-01-10,13.779999732971191,14.15999984741211,13.5,14.039999961853027,8781400,14.76399998664856,14.79133590842114,42.56796611493907,-0.4001989285057501,-0.3566599883060257,-0.0435389401997243,16.331499829602585,14.76399998664856,13.196500143694536,,
2025-01-13,13.510000228881836,13.899999618530272,13.18000030517578,13.600000381469728,7408800,14.651000022888184,14.677875382044816,39.65911332935066,-0.4437887572242225,-0.3740857420896651,-0.0697030151345574,16.21199834167401,14.651000022888184,13.090001704102354,,
2025-01-14,14.050000190734863,14.56999969482422,13.744999885559082,13.90999984741211,7843800,14.569500017166138,14.604744378746462,42.63345531219976,-0.4481536085697968,-0.3888993153856914,-0.0592542931841053,16.106347056151023,14.569500017166138,13.032652978181252,,
2025-01-15,14.43000030517578,14.744999885559082,14.119999885559082,14.529999732971191,7334600,14.518499994277956,14.59762584105358,48.13940290580121,-0.3970075199376008,-0.3905209562960733,-0.0064865636415274,15.98803418861127,14.518499994277956,13.048965799944645,,
2025-01-16,14.489999771118164,14.770000457763672,14.25,14.630000114440918,4344000,14.422000026702882,14.600709105185707,48.9898064920844,-0.3444342574454175,-0.3813036165259422,0.0368693590805246,15.558320496528594,14.422000026702882,13.28567955687717,,
2025-01-17,14.949999809265137,15.420000076293944,14.880000114440918,15.0,8882100,14.370499992370606,14.638736809453736,52.11834388390823,-0.2698035423149711,-0.359003601683748,0.0892000593687768,15.281707304320594,14.370499992370606,13.459292680420615,,
2025-01-21,15.34000015258789,15.595000267028809,14.710000038146973,15.270000457763672,7910500,14.411500024795531,14.698857156911824,54.3200415074227,-0.1867190020086599,-0.3245466817487304,0.1378276797400704,15.403533758086375,14.411500024795531,13.41946629150469,,
2025-01-22,15.43000030517578,16.1299991607666,15.20300006866455,15.970000267028809,8114400,14.486000061035158,14.819918405494397,59.51731874588357,-0.0636559841975668,-0.2723685422384977,0.2087125580409309,15.688820110177367,14.486000061035158,13.283180011892949,,
2025-01-23,15.710000038146973,16.63800048828125,15.649999618530272,16.34000015258789,11047400,14.596500062942509,14.964688095693775,61.97969349255571,0.0630019948066937,-0.2052944348294594,0.2682964296361532,16.031787889280096,14.596500062942509,13.161212236604918,,
2025-01-24,16.450000762939453,16.559999465942383,15.9399995803833,15.979999542236328,7346500,14.693000030517576,15.061384423935923,58.26615789315275,0.1327994852827672,-0.1376756508070141,0.2704751360897813,16.224627893035624,14.693000030517576,13.161372167999533,,
2025-01-27,13.1850004196167,13.25,10.5,11.279999732971191,51762500,14.509000015258788,14.701252548605948,31.625170081745267,-0.1889580153429744,-0.1479321237142061,-0.0410258916287682,16.636420117677716,14.509000015258788,12.381579912839864,,
2025-01-28,11.640000343322754,11.720000267028809,10.34000015258789,11.3100004196167,34840700,14.349500036239624,14.378276155368876,31.839402588034993,-0.4365006403704168,-0.2056458270454483,-0.2308548133249685,16.893288313883104,14.349500036239624,11.805711758596145,,
2025-01-29,11.260000228881836,11.664999961853027,10.920000076293944,11.460000038146973,15982600,14.22000002861023,14.10034509658584,32.97024063787794,-0.6135041446502392,-0.2872174905664065,-0.3262866540838327,17.05825297890841,14.22000002861023,11.38174707831205,,
2025-01-30,12.130000114440918,12.59000015258789,11.93000030517578,12.260000228881836,15930700,14.139000034332277,13.925074156804506,38.80186855223942,-0.6813729245869169,-0.3660485773705086,-0.3153243472164083,17.101201186895054,14.139000034332277,11.1767988817695,,
2025-01-31,12.510000228881836,13.109999656677246,12.220000267028809,12.270000457763672,13414800,14.050000047683715,13.767448090229188,38.87345923395547,-0.7259837974517236,-0.4380356213867516,-0.287948176064972,17.122458243780304,14.050000047683715,10.97754185158713,,
2025-02-03,11.65999984741211,12.390000343322754,11.4350004196167,12.329999923706056,9457400,13.942500066757203,13.630548264846032,39.332023253450096,-0.7478757342085007,-0.5000036439511014,-0.2478720902573993,17.096620317381426,13.942500066757203,10.78837981613298,,
2025-02-04,12.460000038146973,12.527999877929688,11.770000457763672,12.210000038146973,8609300,13.784000062942509,13.49525795754136,38.7066010106748,-0.7660773765644375,-0.5532183904737686,-0.2128589860906689,16.951809328502776,13.784000062942509,10.616190797382236,,
2025-02-05,12.289999961853027,12.9399995803833,12.289999961853027,12.710000038146973,7800600,13.6635000705719,13.420471489027609,42.78869276610784,-0.7317216561702065,-0.5889190436130562,-0.1428026125571502,16.80207469223857,13.6635000705719,10.524925448905233,,
2025-02-06,12.899999618530272,13.149999618530272,12.399999618530272,12.529999732971191,6613100,13.584000062942506,13.335664655117474,41.71169496859104,-0.710825071588518,-0.6133002492081486,-0.0975248223803694,16.7526994550858,13.584000062942506,10.415300670799212,,
2025-02-07,12.755000114440918,13.100000381469728,12.18000030517578,12.5600004196167,7553400,13.509500074386596,13.261791870784068,41.97384638991785,-0.6839593158267157,-0.6274320625318621,-0.0565272532948535,16.700853811388455,13.509500074386596,10.31814633738474,,
2025-02-10,12.67199993133545,13.175000190734863,12.539999961853027,12.81999969482422,6581000,13.448500061035158,13.21971642545456,44.31140586809613,-0.6343755557024622,-0.6288207611659822,-0.00555479453648,16.643597993293753,13.448500061035158,10.253402128776562,,
2025-02-11,12.600000381469728,12.869999885559082,12.239999771118164,12.260000228881836,4690200,13.381500053405762,13.128314882923824,40.524721677606955,-0.6329708513987793,-0.6296507792125416,-0.0033200721862376,16.617023302189665,13.381500053405762,10.145976804621862,,
2025-02-12,11.960000038146973,12.25,11.710000038146973,12.09000015258789,7328900,13.290500068664551,13.029427765748972,39.423326893814064,-0.6382182162053951,-0.6313642666111123,-0.0068539495942827,16.563605428539034,13.290500068664551,10.01739470879007,,
2025-02-13,12.18000030517578,12.6899995803833,11.890000343322754,12.539999961853027,6789600,13.191000080108644,12.982815593949358,43.77913179584564,-0.5991588367113039,-0.6249231806311507,0.0257643439198468,16.428127804565946,13.191000080108644,9.953872355651342,,
2025-02-14,12.479999542236328,12.640000343322754,12.270000457763672,12.510000228881836,4097600,13.08500008583069,12.93778555918102,43.55428658147926,-0.5641218789206288,-0.6127629202890463,0.0486410413684175,16.26504094233158,13.08500008583069,9.904959229329798,,
2025-02-18,12.630000114440918,12.9350004196167,12.3100004196167,12.390000343322754,5393500,12.954500102996828,12.88561553862309,42.611546596851646,-0.5398151720475131,-0.5981733706407397,0.0583581985932266,16.021697335178004,12.954500102996828,9.88730287081565,,
2025-02-19,12.3149995803833,12.46500015258789,12.0,12.020000457763672,4865300,12.792000102996829,12.80317600711267,39.7542825022876,-0.5441353763704679,-0.5873657717866854,0.0432303954162174,15.691038460780824,12.792000102996829,9.89296174521283,,
2025-02-20,12.100000381469728,12.140000343322754,11.493000030517578,11.84000015258789,10115200,12.585500097274782,12.711444973348405,38.40510713801182,-0.5556781775905613,-0.5810282529474605,0.0253500753568992,15.114369046636993,12.585500097274782,10.05663114791257,,
2025-02-21,12.050000190734863,12.475000381469728,10.739999771118164,10.800000190734863,13019600,12.30850009918213,12.529402613099496,31.709134932785272,-0.6413521278955407,-0.5930930279370766,-0.0482590999584641,14.285014712701734,12.30850009918213,10.331985485662525,,
2025-02-24,10.824999809265137,11.029999732971191,9.5600004196167,9.859999656677246,19247700,12.002500104904176,12.2751737601069,27.10857393376955,-0.7761525346644884,-0.6297049292825591,-0.1464476053819293,13.429074772695497,12.002500104904176,10.575925437112854,,
2025-02-25,9.56999969482422,9.829999923706056,8.845000267028809,9.760000228881836,21890400,11.926500129699708,12.035633423799752,26.66534540039704,-0.880897508171822,-0.6799434450604117,-0.2009540631114102,13.633360135430395,11.926500129699708,10.219640123969018,,
2025-02-26,9.949999809265137,10.454999923706056,9.81999969482422,10.020000457763672,13569400,11.862000131607056,11.843668379415362,29.87568212921837,-0.9321831813146666,-0.7303913923112627,-0.2017917890034039,13.74552446154259,11.862000131607056,9.978475801671522,,
2025-02-27,11.864999771118164,11.864999771118164,10.449999809265137,10.710000038146973,25805300,11.824500131607056,11.73569996596123,37.67351226166448,-0.9066983925348692,-0.765652792355984,-0.141045600178885,13.767471806515651,11.824500131607056,9.88152845669846,,
2025-02-28,10.479999542236328,11.300000190734863,10.029999732971191,11.15999984741211,12628400,11.76950011253357,11.680871383242266,42.1886057825775,-0.8405015117827102,-0.7806225362413294,-0.0598789755413807,13.72229784391758,11.76950011253357,9.81670238114956,,
2025-03-03,11.5,11.8100004196167,10.0600004196167,10.140000343322754,15623500,11.663000106811523,11.53412176039279,35.84923314894914,-0.8604269757728176,-0.7965834241476271,-0.0638435516251905,13.724311280622956,11.663000106811523,9.601688933000094,,
2025-03-04,9.80500030517578,10.270000457763672,8.869999885559082,9.59000015258789,27550500,11.526000118255617,11.348967321554229,32.972189460026826,-0.9101073177522032,-0.8192882028685423,-0.0908191148836609,13.749604349839403,11.526000118255617,9.302395886671828,,
2025-03-05,9.729999542236328,9.760000228881836,9.399999618530272,9.595000267028809,10178700,11.395250129699708,11.181922840170854,33.0248132723826,-0.9382601997150992,-0.8430826022378537,-0.0951775974772455,13.7464656552722,11.395250129699708,9.044034604127216,2025-03-05 07:08:56,0.0
2025-03-05,9.729999542236328,9.760000228881836,9.399999618530272,9.595000267028809,10178700,11.395250129699708,11.181922840170854,33.0248132723826,-0.9382601997150992,-0.8430826022378537,-0.0951775974772455,13.7464656552722,11.395250129699708,9.044034604127216,2025-03-05 15:42:09,0.0
2025-03-06,8.324999809265137,8.670000076293945,7.75,7.849999904632568,57023300,11.15225012302399,10.864596846310064,25.500374760974143,-1.088827185151084,-0.8922315188204998,-0.1965956663305842,13.883562042602344,11.15225012302399,8.420938203445637,2025-03-06 12:15:48,0.0
2025-03-06,8.324999809265137,8.670000076293945,7.75,7.849999904632568,57023300,11.15225012302399,10.864596846310064,25.500374760974143,-1.088827185151084,-0.8922315188204998,-0.1965956663305842,13.883562042602344,11.15225012302399,8.420938203445637,2025-03-06 14:18:51,0.0
2025-03-06,8.324999809265137,8.670000076293945,7.75,7.849999904632568,57023300,11.15225012302399,10.864596846310064,25.500374760974143,-1.088827185151084,-0.8922315188204998,-0.1965956663305842,13.883562042602344,11.15225012302399,8.420938203445637,2025-03-06 21:31:43,0.0
2025-03-07,7.900000095367432,8.15999984741211,7.465000152587891,7.804999828338623,26373851,10.916000127792358,10.573206654122307,25.340034223190756,-1.19797423469673,-0.953380061995746,-0.244594172700984,13.932287029026272,10.916000127792358,7.899713226558445,,
