date,open,high,low,close,volume,sma_20,ema_20,rsi_14,macd,macd_signal,macd_hist,bb_upper,bb_middle,bb_lower,published_at,sentiment_score,sma_50,sma_200,ema_50,ema_200,volatility,close_lag_1,close_lag_2,close_lag_3,close_lag_4,close_lag_5
2024-11-06,0.6006726955441319,0.5989111223623647,0.6066699020189645,0.6258993069005909,0.2672350105903182,13.293500137329104,13.188443956155735,0.7256079054578406,0.6635834083645,0.695125726871774,0.41626815281065443,0.16495383730203983,0.3949991986695147,0.5702211770251333,2025-03-05 07:08:56,0.0,0.0,0.0,0.14929455800002955,0.0,0.09168470984531957,0.4980732884037563,0.45761085189533846,0.4990366097483251,0.4282407489169613,0.48495368939531747
2024-11-07,0.610283496068236,0.8157418117826376,0.6606179360747269,0.8302157787684099,0.501705220715078,13.518000078201297,13.500020635043064,0.9314881817071023,0.7529046615283628,0.709517433896506,0.6649273807007087,0.2847372327862425,0.4322977460470805,0.5311630478797302,2025-03-05 07:08:56,0.0,0.034920280357847666,0.014768852789633025,0.19739693076180354,0.026441135980987962,0.2862661237033868,0.6242774802802794,0.4980732884037563,0.45761085189533846,0.3981481277075962,0.4282407489169613
2024-11-08,0.8265256829620931,0.8453529943224085,0.8410986777461893,0.8781774107801061,0.15313732269955807,13.705000019073488,13.829542392131597,0.9665046690937238,0.8365733915462195,0.7407432426812559,0.8492713675058963,0.40680897974979935,0.46336602217724754,0.4801185818397047,2025-03-05 07:08:56,0.0,0.07204721701861372,0.030365759621018507,0.24930706432028638,0.054308255990540566,0.5003562382794589,0.8294797187322177,0.6242774802802794,0.4980732884037563,0.3483796807310091,0.3981481277075962
2024-11-11,0.9735704360417943,0.9427835484482774,0.9514468909561551,0.9270982973871289,0.23383346842838168,13.929999971389773,14.176252575105204,1.0,0.9151918154682687,0.7842464753028819,0.9837168692648421,0.5254152875783489,0.5007476417394396,0.4421721503867071,2025-03-05 07:08:56,0.0,0.11149113990385384,0.046257590061659526,0.3049895198963508,0.08362095350422871,0.6920029330012042,0.8776492772540353,0.8294797187322177,0.6242774802802794,0.39699080410645116,0.3483796807310091
2024-11-12,0.8548774436872741,0.8802178119655566,0.8862187462348807,0.8877697737742667,0.1022867907273782,14.134499931335451,14.450895136137316,0.9172522346686385,0.9584327256389703,0.8292366665420243,1.0,0.6037308809493998,0.5347233809539393,0.43216069945347035,2025-03-05 07:08:56,0.0,0.15374854681325223,0.06169569243436568,0.35381916624934506,0.11125693737604969,0.7974108196133566,0.9267822489965633,0.8776492772540353,0.8294797187322177,0.5486111233754423,0.39699080410645116
2024-11-13,0.8962037576233794,0.8806953323430693,0.8381559913760526,0.7985611089590545,0.1100334997931062,14.27849988937378,14.610809805149628,0.7490251418800524,0.9562102836249091,0.8647052097943084,0.8957319745433698,0.6417691263354208,0.5586476155724143,0.4393141226456885,2025-03-05 07:08:56,0.0,0.18828266455404474,0.07641917244424978,0.39014284229249485,0.13547624667210245,0.8317264975849462,0.8872832257088553,0.9267822489965633,0.8776492772540353,0.7951388214350679,0.5486111233754423
2024-11-14,0.8197981775884524,0.8100104741115999,0.7743991898398463,0.7323740970339172,0.036035423244283965,14.399999856948853,14.689780259933787,0.6408923117253715,0.9263567438322049,0.8860465181753949,0.741029880198475,0.6585531094628982,0.5788336890268904,0.4580606941643639,2025-03-05 07:08:56,0.0,0.21696915440340758,0.09059817909714307,0.41718416809903003,0.15712363895910686,0.8249651418550877,0.7976878174579093,0.8872832257088553,0.9267822489965633,0.8530091958935486,0.7951388214350679
2024-11-15,0.7602114526430137,0.748400051669126,0.7665522132728271,0.7697842029356796,0.07187623404130697,14.55099983215332,14.79837260886448,0.682108473756238,0.9110285568280708,0.8995082274657192,0.6547433214307514,0.6780730875643446,0.6039209104635381,0.48247063835997595,2025-03-05 07:08:56,0.0,0.2528824356216939,0.10552583769767065,0.447606473783813,0.17987311779672943,0.8134383722242754,0.7312138671233034,0.7976878174579093,0.8872832257088553,0.9120370043321542,0.8530091958935486
2024-11-18,0.7602114526430137,0.790906561778584,0.7900932365172244,0.747721896120485,0.06309789006097227,14.689499855041506,14.87471811101736,0.6456991233223883,0.8866842670702991,0.9045420539361513,0.5624527114835156,0.6884934341719413,0.6269313827399199,0.5110728335570385,2025-03-05 07:08:56,0.0,0.28377558177397466,0.11984096377158449,0.47421645404248736,0.201619258449115,0.7854085983824589,0.7687861558457322,0.7312138671233034,0.7976878174579093,0.8645833149368367,0.9120370043321542
2024-11-19,0.7400288448667052,0.8386666158963454,0.7713585635933813,0.8311750333637367,0.11585486823981545,14.82699980735779,15.026649654097088,0.7369458847331791,0.8920504785631957,0.9098334003364069,0.5652727164485708,0.7207018927649234,0.6497757027248487,0.5213177503454471,2025-03-05 07:08:56,0.0,0.31941302503569036,0.13496145614515997,0.5096906768390257,0.22608801502586884,0.8085814903471532,0.746628203026244,0.7687861558457322,0.7312138671233034,0.7569443831227891,0.8645833149368367
2024-11-20,0.8822681060289677,0.9055305823471229,0.9107405713926509,0.9069544997625878,0.11578684835533587,15.013999795913698,15.23934970883849,0.8083886465595604,0.9179787318186688,0.9201752019293774,0.6205783727097929,0.7693029261758069,0.6808439867772156,0.5312679877952606,2025-03-05 07:08:56,0.0,0.35962927841611236,0.15083060127769898,0.5527704868722747,0.25298205073690205,0.8512877182342286,0.8304431319529281,0.746628203026244,0.7687861558457322,0.6770833149368367,0.7569443831227891
2024-11-21,0.9264777151155359,0.9738274743107338,0.913192716491092,0.9347721511906362,0.12123599687864309,15.207499742507936,15.459411568669164,0.8328934037067404,0.9431317493351046,0.93437472129905,0.6628228051757752,0.820256989115618,0.7129921775409291,0.5410130897808303,2025-03-05 07:08:56,0.0,0.3991283636315961,0.16684720686265053,0.597463475741856,0.28058814709922464,0.8970265783312644,0.9065511226184958,0.8304431319529281,0.746628203026244,0.7222222467508845,0.6770833149368367
2024-11-22,0.9139836194409692,0.9700067647201898,0.9347720423654042,1.0,0.121906748517261,15.450499725341798,15.723277089961272,0.8873002863856951,0.9803306407232634,0.9544984357853223,0.7276964623494271,0.8817388217756075,0.7533643323720802,0.5553324180834494,2025-03-05 07:08:56,0.0,0.43802062112583906,0.1834423164711767,0.6481478164208294,0.3102167056426888,0.9486180444647149,0.9344893710099628,0.9065511226184958,0.8304431319529281,0.6956019274818936,0.7222222467508845
2024-11-25,1.0,0.988633156675693,1.0,0.9884893107742923,0.09188541672571171,15.64599976539612,15.950584091903206,0.864924352176718,1.0,0.9752315296653224,0.7343695494269651,0.9354360359077671,0.7858448197964998,0.563338157419224,2025-03-05 07:08:56,0.0,0.47625088856859943,0.199731160627725,0.6954779572552381,0.3391450770884683,1.0,0.9999999999999999,0.9344893710099628,0.9065511226184958,0.7962962554151927,0.6956019274818936
2024-11-26,0.9466602312364583,1.0,0.9028935948256316,0.8935253013462268,0.1799617199205679,15.786999797821046,16.061957115458462,0.693911184522167,0.9768453886009738,0.9863627533138177,0.6292230400084704,0.9581105430104238,0.8092706450738143,0.5824395051230005,2025-03-05 07:08:56,0.0,0.5073647050861361,0.21456807475052675,0.7296776425970526,0.3644412265956838,0.999610578272028,0.9884394088560419,0.9999999999999999,0.9344893710099628,0.8877315530234127,0.7962962554151927
2024-11-27,0.9091783108343037,0.928933089028491,0.9480136633143228,0.9501198587976505,0.026244338761698002,15.98349976539612,16.218913493459812,0.7512149025931865,0.9728260332108749,0.9943207677612973,0.5944744063467969,0.9848994556185411,0.8419172610230874,0.6130532172598293,2025-03-05 07:08:56,0.0,0.5386991761857156,0.230493934505537,0.7692552152842236,0.3914787814874532,0.9878461440674889,0.8930637050331175,0.9884394088560419,0.9999999999999999,0.9212962554151927,0.8877315530234127
2024-11-29,0.9687649441243558,0.9781258864689382,0.9813633604958247,0.9664268209999913,0.010567644830394296,16.2129997253418,16.37711212844141,0.7672970345626584,0.9699093262122742,1.0,0.5695203099883943,1.0,0.8800465144025196,0.6622466808298704,2025-03-05 07:08:56,0.0,0.573288461517822,0.24646516731073942,0.8092167308072806,0.4188215934090733,0.9363462391014991,0.9499036150367616,0.8930637050331175,0.9884394088560419,0.9999999999999998,0.9212962554151927
2024-12-02,0.8635271458278904,0.8912026025498241,0.7861696546903754,0.7918465097508742,0.5652792499674071,16.36449971199036,16.346910922489123,0.5058498742421087,0.9018633327972012,0.9885116762441348,0.38152478989142496,0.9714663720022716,0.9052168080237946,0.7266847644348007,2025-03-05 07:08:56,0.0,0.5957963231889427,0.2605761147940089,0.8268845043341324,0.43974408771265283,0.8125367027633824,0.966281272284271,0.9499036150367616,0.8930637050331175,0.9861112337544211,0.9999999999999998
2024-12-03,0.8063431668411709,0.8262488997992448,0.8464933221280886,0.8263789433462096,0.3008935167602885,16.55549969673157,16.353871794280057,0.5462105404830291,0.8558960459855732,0.9684910748161693,0.28809099074809136,0.9160571015879873,0.9369496537087743,0.8240592708847561,2025-03-05 07:08:56,0.0,0.6174766920346393,0.27497064296204066,0.8479592033643417,0.4616745375896367,0.6111083453348095,0.7909441086652201,0.966281272284271,0.9499036150367616,0.8715279188175851,0.9861112337544211
2024-12-04,0.8255645845786055,0.8926353458725096,0.8548308399668034,0.9270982973871289,0.1715801585996973,16.77799963951111,16.460169653239525,0.6534153620825327,0.8506442759678541,0.9512372709850495,0.3183891621003039,0.8608677640776028,0.9739159202700332,0.929723897933241,2025-03-05 07:08:56,0.0,0.6427428648775337,0.2907660561104932,0.8801651044680909,0.48693383926651856,0.39828964726316385,0.8256262496016594,0.7909441086652201,0.966281272284271,0.9398147575812696,0.8715279188175851
2024-12-05,0.950504624770409,0.9379119660849395,0.926925065798385,0.8762590845485592,0.11686382985959562,16.90849967002869,16.50586783236506,0.5846282717796538,0.8249290468305452,0.9313756921597203,0.2898323881199296,0.8248945642146754,0.9955972692811887,0.9946897767187752,2025-03-05 07:08:56,0.0,0.6680642105728123,0.30630624858985045,0.9050722669022937,0.5101513840285272,0.2650615265991392,0.9267822489965633,0.8256262496016594,0.7909441086652201,0.9594906937274714,0.9398147575812696
2024-12-06,0.8803459092619923,0.9017098727565789,0.9097596759359385,0.8810551745660862,0.08172967008466586,16.934999704360962,16.551975636055833,0.5899287310241439,0.8027180627112358,0.9102534972502898,0.27602785027842036,0.827083975075178,1.0000000000000002,1.0,2025-03-05 07:08:56,0.0,0.6934958861896483,0.32190882796525533,0.9295720820155378,0.5333068138582107,0.260154751465164,0.8757226345648977,0.9267822489965633,0.8256262496016594,0.7488425660198752,0.9594906937274714
2024-12-09,0.8553579012236314,0.8272041227444178,0.8244237356120989,0.7899281835193273,0.08656475020642146,16.888999795913698,16.503216138862644,0.470421785315207,0.750326638484921,0.8810122651856944,0.18711929432818447,0.8271987074098903,0.9923575491471477,0.9875319167507559,2025-03-05 07:08:56,0.0,0.7149004276009174,0.3365415643087426,0.9422922892219532,0.553022593439982,0.2778050795545033,0.8805395169161662,0.8757226345648977,0.9267822489965633,0.7905093062725284,0.7488425660198752
2024-12-10,0.793849071166604,0.7966377172594741,0.7949975267141072,0.7649880214385991,0.0783456808318076,16.804499816894534,16.4343383859206,0.440058981495345,0.697780133040891,0.8452392660945665,0.11559234315972339,0.8207857568232684,0.9783186747554444,0.9701274907234883,2025-03-05 07:08:56,0.0,0.7365256288552997,0.3506525120624555,0.9515527045608447,0.5716638705629626,0.294777008758924,0.7890174659760826,0.8805395169161662,0.8757226345648977,0.9120370043321542,0.7905093062725284
2024-12-11,0.7698221615117309,0.7780113253039707,0.8146150616749945,0.7726618752421064,0.08623976631390798,16.744499826431277,16.379639459325997,0.4505849549759163,0.6569918802822498,0.8070111104152823,0.08870683657649447,0.8182027699303411,0.9683502423440464,0.9561333538822425,2025-03-05 07:08:56,0.0,0.7591438204479779,0.3644571930119749,0.9613610260251386,0.5903899148691383,0.3114248402849098,0.763969181618322,0.7890174659760826,0.8805395169161662,0.8506945486912585,0.9120370043321542
2024-12-12,0.8255645845786055,0.8224281902087007,0.7881314456037998,0.7419664600280778,0.038047678160137696,16.7149998664856,16.2996737929,0.4103572166499247,0.6126091253565883,0.7659719608724087,0.057924688346303155,0.8231130158840192,0.9634491022840737,0.9441221572186143,2025-03-05 07:08:56,0.0,0.7786727005820699,0.3777400869943788,0.9671404687595935,0.6078486202654383,0.334026490745022,0.7716763036317215,0.763969181618322,0.7890174659760826,0.8564814978339228,0.8506945486912585
2024-12-13,0.7251320948888056,0.7555640415677753,0.7753800852965587,0.7429257146234045,0.04275427627787634,16.720499897003176,16.22827630697951,0.4118586939544377,0.5768650555519518,0.7247192997840441,0.05558660282883027,0.8215662320458259,0.9643628804705664,0.946885654200023,2025-03-05 07:08:56,0.0,0.7981464131248481,0.39111372680672374,0.9728071518546173,0.625167389571462,0.32833995346497447,0.7408478155781234,0.7716763036317215,0.763969181618322,0.7465279188175851,0.8564814978339228
2024-12-16,0.7669389580166543,0.85442733901633,0.8136341662182822,0.8398081417625705,0.15474712663224105,16.75699987411499,16.2598689887855,0.5530127337495898,0.5814756056557234,0.6928034214977754,0.15783023840910027,0.8201616521718855,0.9704270073487116,0.9578693109425522,2025-03-05 07:08:56,0.0,0.8222540981165762,0.4056443727731167,0.9897537431081558,0.6457257717823981,0.3112707056085954,0.7418112287988338,0.7408478155781234,0.7716763036317215,0.7164351872292403,0.7465279188175851
2024-12-17,0.8505525926169661,0.8328398105878347,0.8107896068111524,0.7889689289240005,0.12424587676686374,16.77849988937378,16.23797676953407,0.47893341184605537,0.5665547147368133,0.6637553408518253,0.18923442366966842,0.8158868003139021,0.9739990320656575,0.9672012229005649,2025-03-05 07:08:56,0.0,0.842444978824294,0.4192902500752862,1.0,0.6642891723965301,0.2931742903398742,0.8391136671870377,0.7418112287988338,0.7408478155781234,0.7256944383122788,0.7164351872292403
2024-12-18,0.7775107652688593,0.7746681360909391,0.6527709595077076,0.6374100876058515,0.22279346328910152,16.67749991416931,16.06769324950846,0.2987433668895752,0.5016633151038944,0.625228392490672,0.08543486905549463,0.8449419032094472,0.9572188389588738,0.9159134653284629,2025-03-05 07:08:56,0.0,0.8548022351807782,0.4315522551611173,0.9918509872993102,0.6773303670805069,0.3991170450122936,0.7880540527553724,0.8391136671870377,0.7418112287988338,0.6886574339801246,0.7256944383122788
2024-12-19,0.682364225032855,0.6716974528541999,0.62530654152314,0.6402877599122785,0.19209382209399214,16.538499879837033,15.916484325006351,0.3031216810064458,0.4517791243059221,0.5826540645685435,0.04111352093604598,0.8545881069391399,0.9341252944978657,0.8705177193935438,2025-03-05 07:08:56,0.0,0.8684283145710561,0.4436214256625719,0.9843631883845037,0.6903431425257724,0.4741446623965344,0.6358381633003783,0.7880540527553724,0.8391136671870377,0.6898148679602494,0.6886574339801246
2024-12-20,0.6006726955441319,0.6189703487356277,0.6311917271767347,0.6067146723918231,0.2910533068055784,16.367499923706056,15.746342971619168,0.2670259585845996,0.40161316463003316,0.536775447945652,0.004929484428632391,0.8569580890553401,0.9057152648981524,0.8225554390863001,2025-03-05 07:08:56,0.0,0.8803442407191708,0.4550667204424743,0.9731831453100446,0.7020440836150672,0.544291466235583,0.6387283110863679,0.6358381633003783,0.7880540527553724,0.806712940478356,0.6898148679602494
2024-12-23,0.5804900877678234,0.58267269667472,0.5988229254519455,0.5990408185883158,0.14743876793315913,16.15849995613098,15.584786516296854,0.2586353807959552,0.36075648126120985,0.4904466759152846,0.0,0.8301199267495716,0.8709918918664126,0.7886204238601289,2025-03-05 07:08:56,0.0,0.884923045576806,0.46643261258737234,0.9615304756292247,0.7133583449021392,0.5606645840573365,0.6050096752467805,0.6387283110863679,0.6358381633003783,0.7453704848374603,0.806712940478356
2024-12-24,0.610283496068236,0.652879943433603,0.6522805117793515,0.6863309742128745,0.0017023865532246052,16.000999927520752,15.525283042187342,0.4014473957699565,0.3605063060947796,0.45332471675155916,0.10082038316039338,0.7846942905166552,0.8448247478740185,0.7839687587126543,2025-03-05 07:08:56,0.0,0.895901143716868,0.4791937190617743,0.9606980852570679,0.727634151393775,0.5142179462450315,0.597302553233381,0.6050096752467805,0.6387283110863679,0.5625,0.7453704848374603
2024-12-26,0.6458433113588016,0.6266119501068637,0.6753310872953928,0.6422062691029318,0.006220040547408906,15.869999885559082,15.4276370381695,0.3469694689929584,0.34661781930409363,0.4203550069313796,0.14629012126168428,0.7681322227765279,0.823060326678237,0.7624826709439763,2025-03-05 07:08:56,0.0,0.9043415905282703,0.4916258726125513,0.9546597391226612,0.740213956414502,0.5250868996178798,0.6849711350429063,0.597302553233381,0.6050096752467805,0.5659721915613944,0.5625
2024-12-27,0.634310405723109,0.605597500788428,0.614516878585984,0.5990408185883158,0.018618553935044788,15.686999940872193,15.296433528890011,0.29629956592842505,0.32253411768744555,0.3883050929609253,0.15636246348714933,0.733218396316591,0.7926566121806833,0.7422453564045297,2025-03-05 07:08:56,0.0,0.9087548978730355,0.5037971326797701,0.9437334775276209,0.7511484179722259,0.5127970255633457,0.6406551375277886,0.6849711350429063,0.597302553233381,0.5254629956678458,0.5659721915613944
2024-12-30,0.5660739786370541,0.5578374466706664,0.5762628912075995,0.582733856385975,0.056960984927927255,15.486999988555908,15.161535108466287,0.2773864352699685,0.30002731254209347,0.35736253418213504,0.1684886983021021,0.6836786372523789,0.7594285067834232,0.7295777725396086,2025-03-05 07:08:56,0.0,0.9135543678348546,0.5160818246963623,0.9312996922695511,0.7613997914906521,0.4728135450515788,0.597302553233381,0.6406551375277886,0.6849711350429063,0.5162037445848071,0.5254629956678458
2024-12-31,0.6045169974226965,0.5893590751007833,0.6272682388932251,0.5990408185883158,0.0350925920677478,15.386500024795534,15.055674640110912,0.3070667139475572,0.2902933582499902,0.3303151570139877,0.21114338327861787,0.6787119574821974,0.7427313858612667,0.7066690674360425,2025-03-05 07:08:56,0.0,0.9203949913256517,0.5281396525437654,0.9212895109432608,0.7721234487192605,0.4992053259751844,0.5809248959858716,0.597302553233381,0.6406551375277886,0.6215278084386053,0.5162037445848071
2025-01-02,0.6131666995633125,0.6237462812713448,0.6351152154602444,0.6402877599122785,0.07068021773920799,15.289499998092651,15.000848440313334,0.3808526629090923,0.2993040963872896,0.3108001949173488,0.2936280589891587,0.6598308436472902,0.726615746464897,0.696253389923138,2025-03-05 07:08:56,0.0,0.9294974334496082,0.540912101672218,0.9165688287482991,0.7841930094218514,0.49181657097391385,0.597302553233381,0.5809248959858716,0.597302553233381,0.5682870595216438,0.6215278084386053
2025-01-03,0.6487265148538781,0.7240424131376588,0.6772927846654779,0.7266187524210637,0.15282367545445785,15.185000038146974,15.03695812356358,0.5169411403760473,0.3384923833702892,0.3044210279815137,0.43747326583887053,0.604496664863416,0.7092540639101272,0.7140834058632022,2025-03-05 07:08:56,0.0,0.9386550431648786,0.5548642449672518,0.9222827089025012,0.7991828207622222,0.4022284942204184,0.6387283110863679,0.597302553233381,0.5809248959858716,0.5162037445848071,0.5682870595216438
2025-01-06,0.7400288448667052,0.7202216124520409,0.7400686907449716,0.7016786818198888,0.07494657604906502,15.094000005722048,15.044866862801246,0.47875687643468806,0.36238966342308243,0.3049479194253534,0.5130989423951509,0.5619701497387446,0.6941352669626777,0.7249117661195441,2025-03-05 07:08:56,0.0,0.9474816525933365,0.5682265413142165,0.9248115659734824,0.8131451574250823,0.3374152084412003,0.7254335715513246,0.6387283110863679,0.597302553233381,0.49652780843860533,0.5162037445848071
2025-01-07,0.691975025556959,0.6667304028533891,0.6302109252633619,0.6057554177964963,0.1643379303438594,14.950500011444094,14.956784293540087,0.3471104680622747,0.34948194152299705,0.3023283593588011,0.4786433222507798,0.5098377417160069,0.6702940966066293,0.7295936611256628,2025-03-05 07:08:56,0.0,0.9499089687393685,0.580307055281051,0.9158529954669472,0.8235904055469851,0.2700333909177167,0.7003853790697053,0.7254335715513246,0.6387283110863679,0.5162037445848071,0.49652780843860533
2025-01-08,0.5862565864133629,0.58267269667472,0.601275164093726,0.5990408185883158,0.07274159812718584,14.85099997520447,14.870423902796732,0.3386129860362926,0.3387420719045129,0.2977023864230337,0.456671841220125,0.4879350544995278,0.6537631042093264,0.7210140247119581,2025-03-05 07:08:56,0.0,0.9536602807715786,0.5923989127132658,0.9064485669564446,0.8336952506954307,0.2565409808187288,0.6040462620260701,0.7003853790697053,0.7254335715513246,0.5659721915613944,0.5162037445848071
2025-01-10,0.5651128802535665,0.5731206494131382,0.5919568443416383,0.5980815639929893,0.08849764859038237,14.76399998664856,14.79133590842114,0.3373208226814944,0.33181378267563755,0.2923692956486725,0.4489284567873992,0.4701814022694033,0.6393088768166895,0.7123521012893657,2025-03-05 07:08:56,0.0,0.9527776203548397,0.6044907698750375,0.8972990543903157,0.8436657677496275,0.2480033676466934,0.597302553233381,0.6040462620260701,0.7003853790697053,0.6701389318140476,0.5659721915613944
2025-01-13,0.5391638654871047,0.5482853994090844,0.5605689380735608,0.5558753680737001,0.06256317819131349,14.651000022888184,14.677875382044816,0.28036583697226863,0.31368373297239815,0.2838313637363652,0.41383343355013713,0.4508226329417253,0.6205349988120663,0.6980293829292796,2025-03-05 07:08:56,0.0,0.9489159784010726,0.6162423314591334,0.8834975180639724,0.8520506867765438,0.24554653656546477,0.5963391400126706,0.597302553233381,0.6040462620260701,0.6400463106046825,0.6701389318140476
2025-01-14,0.591061986675415,0.6122838792144911,0.6159882217710524,0.5856115286924017,0.07078224756592733,14.569500017166138,14.604744378746462,0.338603093242786,0.31186828716384474,0.2765732972131142,0.42784876337028716,0.4337075417318599,0.6069945416837228,0.6903166910548906,2025-03-05 07:08:56,0.0,0.9496331413049406,0.6281980702816574,0.8737675719550415,0.8613994015127724,0.23642012046188954,0.5539499689389736,0.5963391400126706,0.597302553233381,0.524305561687721,0.6400463106046825
2025-01-15,0.6275829003494682,0.6289999163747222,0.6527709595077076,0.6450839414093588,0.06116121279454026,14.518499994277956,14.59762584105358,0.4464088811681734,0.33314116563778645,0.2757787571403598,0.4986284373731641,0.4145413242152447,0.5985213689846052,0.6925105631216557,2025-03-05 07:08:56,0.0,0.956473764795736,0.6406642531468034,0.8714799102183362,0.8727495529123499,0.21098357902520792,0.5838150437718611,0.5539499689389736,0.5963391400126706,0.5162037445848071,0.524305561687721
2025-01-16,0.6333493073396212,0.6313879737376547,0.6655223198149489,0.6546763044035193,0.004655583204378963,14.422000026702882,14.600709105185707,0.46305968052928154,0.35500763976872995,0.2802948900059503,0.5567836413768656,0.34492940233737235,0.5824888096950616,0.7243456255459069,2025-03-05 07:08:56,0.0,0.9653003794852655,0.6532552116971455,0.8704207907220729,0.8843245847525409,0.08506697641271438,0.6435452853137779,0.5838150437718611,0.5539499689389736,0.5150463106046825,0.5162037445848071
2025-01-17,0.6775588247708031,0.6934760076527149,0.7273173304377305,0.690167901114628,0.09040031591457459,14.370499992370606,14.638736809453736,0.5243160642572264,0.38604833468501654,0.29122101754855656,0.6269771088398925,0.3001191570946693,0.5739325648113167,0.7476944359289481,2025-03-05 07:08:56,0.0,0.9785402962584877,0.6664473601200507,0.8736168590038567,0.8970343608926004,0.0,0.6531792337685981,0.6435452853137779,0.5838150437718611,0.4641204296479706,0.5150463106046825
2025-01-21,0.7150408368283443,0.7101920448129464,0.7106424818469796,0.7160672263111296,0.07204250487003477,14.411500024795531,14.698857156911824,0.5674250374251266,0.42060517717808804,0.3081035489997477,0.6922034725142784,0.31985456171047133,0.5807443334289013,0.7423382809099037,2025-03-05 07:08:56,0.0,0.9909527202062858,0.679843686592714,0.8797624257999574,0.9105297762956743,0.030543124811577338,0.6888246960496062,0.6531792337685981,0.6435452853137779,0.5,0.4641204296479706
2025-01-22,0.7236905389689601,0.7612951970486654,0.7589995240514893,0.7832134928315937,0.0758950755493078,14.486000061035158,14.819918405494397,0.6691870971312679,0.471790022247237,0.33366877894506586,0.7872844741294827,0.3660698246180365,0.5931218116612722,0.7240094677676854,2025-03-05 07:08:56,0.0,1.0,0.6940000076670618,0.893638767502857,0.9262556201866468,0.11019619675040337,0.7148363017519356,0.6888246960496062,0.6531792337685981,0.5717592510830385,0.5
2025-01-23,0.7506006521189099,0.809819538836654,0.802844503281126,0.8187050895427024,0.1313123869877961,14.596500062942509,14.964688095693775,0.7174000968410834,0.5244700974429893,0.36653244551855013,0.867206938936997,0.4216292510114896,0.6114803445871619,0.7076063157483108,2025-03-05 07:08:56,0.0,0.9993380099485165,0.7086214000042828,0.9111845926230515,0.9430749067650428,0.19804237644956035,0.7822736653072518,0.7148363017519356,0.6888246960496062,0.5833333701263264,0.5717592510830385
2025-01-24,0.8217203743554278,0.802368872740364,0.8312898167224061,0.784172655947367,0.06138605630156993,14.693000030517576,15.061384423935923,0.6446895189656503,0.5535005389174319,0.39966298214524615,0.8701293336254273,0.45286857040877715,0.6275129038767042,0.7076278245359584,2025-03-05 07:08:56,0.0,0.9939317122654572,0.7229138386065495,0.923942566802749,0.9585106976617563,0.23444786985873445,0.8179191275882599,0.7822736653072518,0.7148363017519356,0.6261574339801246,0.5833333701263264
2025-01-27,0.5079289012668471,0.48619736549402415,0.2976949424483959,0.33333333333333326,0.9006002754805321,14.509000015258788,14.701252548605948,0.12306219990851247,0.4196739181153486,0.39463771503604106,0.45229931924723166,0.5195772853039622,0.596943037087698,0.6027554443133258,2025-03-05 07:08:56,0.0,0.9597837571417198,0.7321131780844354,0.8826754238953072,0.9579155480992947,0.4595890606127039,0.7832369866518206,0.8179191275882599,0.7822736653072518,0.6574074891696144,0.6261574339801246
2025-01-28,0.3594425922673008,0.34005162540029454,0.28200098931435735,0.3362110971193135,0.580872808484347,14.349500036239624,14.378276155368876,0.12725684646973906,0.3167150346472891,0.36636027719505154,0.1976734463804964,0.5611889191350743,0.5704436202011969,0.525308324737116,2025-03-05 07:08:56,0.0,0.9280631234250851,0.7413919207382118,0.843368255838624,0.9574276675371629,0.6169285163560501,0.3304431549219634,0.7832369866518206,0.8179191275882599,0.7384259913356916,0.6574074891696144
2025-01-29,0.3229216785932476,0.33479799029691715,0.3388916161969169,0.3505995501310011,0.22456009084433462,14.22000002861023,14.10034509658584,0.14939851870813853,0.24309505437696555,0.32639338005172874,0.06966652554156577,0.5879125436923793,0.5489284155592953,0.46829033711601986,2025-03-05 07:08:56,0.0,0.9023004527825078,0.7509882728502328,0.8073107795153138,0.9574513641920142,0.7282024178883798,0.3333333945840943,0.3304431549219634,0.7832369866518206,0.7812500551894896,0.7384259913356916
2025-01-30,0.4065353131935592,0.42315410863379066,0.4379598122847099,0.4273381796456255,0.22357947084308757,14.139000034332277,13.925074156804506,0.2635810879222053,0.21486680962984323,0.2877692573845919,0.08437074937537165,0.5948699838536897,0.5354710306155781,0.4407273483179943,2025-03-05 07:08:56,0.0,0.8847575638471481,0.7614807384440729,0.781777929413078,0.9601773535579428,0.7750406342678134,0.34778422539018294,0.3333333945840943,0.3304431549219634,0.7395833149368367,0.7812500551894896
2025-01-31,0.4430562268676126,0.4728245175468242,0.4664051257259898,0.42829743424095224,0.17604301879805087,14.050000047683715,13.767448090229188,0.26498282481114405,0.1963120833067024,0.2524984456877111,0.12109161052180639,0.5983135431596027,0.5206845224066343,0.41392975076165617,2025-03-05 07:08:56,0.0,0.865118353791499,0.7721887252826078,0.7573602527238306,0.9629100010229523,0.8167051616110103,0.42485553740031945,0.34778422539018294,0.3333333945840943,0.1956018171029137,0.7395833149368367
2025-02-03,0.36136469737888977,0.40405010520570084,0.3894066096975257,0.4340527788538062,0.10127027134265584,13.942500066757203,13.630548264846032,0.2739614528484507,0.18720670452524502,0.22213655925434023,0.17484742517141166,0.594127901074875,0.502824414666305,0.38848980470605854,2025-03-05 07:08:56,0.0,0.8470789617953853,0.7830895458941909,0.7345834213039151,0.9658181457508666,0.8475640600062394,0.4258189506210298,0.42485553740031945,0.34778422539018294,0.19907411904328787,0.1956018171029137
2025-02-04,0.4382508266055607,0.4172318356878071,0.4222658591506714,0.42254199814854543,0.08524592022401214,13.784000062942509,13.49525795754136,0.2617157609812037,0.179636207225863,0.19606343276681937,0.22181204010240457,0.5706690924992839,0.47649113422685807,0.3653325187428984,2025-03-05 07:08:56,0.0,0.8235781097859691,0.793876934556401,0.711333209457135,0.9682919749237655,0.8527369389337381,0.4315992461930088,0.4258189506210298,0.42485553740031945,0.21643518722924027,0.19907411904328787
2025-02-05,0.42191252070781604,0.45658609185917953,0.473271206836297,0.47050363016024144,0.06996600895217256,13.6635000705719,13.420471489027609,0.34164262381397065,0.19392557097539392,0.17857152111050317,0.315781731872546,0.5464126724826972,0.45647119721943485,0.3530584620780606,2025-03-05 07:08:56,0.0,0.7984774291948744,0.8050273057270474,0.6946888989799476,0.9724302687899855,0.841689593740775,0.42003856317290944,0.4315992461930088,0.4258189506210298,0.30902780843860533,0.21643518722924027
2025-02-06,0.48053814726976696,0.47664531823244194,0.48406077623011345,0.45323741336257384,0.04752889428009455,13.584000062942506,13.335664655117474,0.3205551372040118,0.20261695904073418,0.1666256922014372,0.37651482113114904,0.5384140789663454,0.4432630209073978,0.3383152899892299,2025-03-05 07:08:56,0.0,0.7707839349448777,0.8157239485593155,0.6766474168771115,0.975919315804648,0.8530733047763966,0.46820812169472703,0.42003856317290944,0.4315992461930088,0.31018524241873013,0.30902780843860533
2025-02-07,0.4666025873307418,0.4718693856967253,0.46248163744248005,0.4561151771485539,0.06529531021790927,13.509500074386596,13.261791870784068,0.32568803032575894,0.21379106780868523,0.15970166116935725,0.43150666178712804,0.5300152893413848,0.43088555059722666,0.32524923793920957,2025-03-05 07:08:56,0.0,0.7395046314366125,0.8262617872033482,0.6596550993974022,0.9794749930477291,0.8616340510158184,0.4508670512265075,0.46820812169472703,0.42003856317290944,0.31712962554151947,0.31018524241873013
2025-02-10,0.4586256357274896,0.4790333755953746,0.4977930319940671,0.4810551562701757,0.04692238364348511,13.448500061035158,13.21971642545456,0.3714571621751653,0.2344141365831045,0.159021253622456,0.49987826021134385,0.5207400728200193,0.42075097381657645,0.3165419454296423,2025-03-05 07:08:56,0.0,0.7103216385264952,0.836833654620863,0.6462900858000484,0.9838736095219454,0.8630489277497916,0.45375729088863836,0.4508670512265075,0.46820812169472703,0.3032407489169613,0.31712962554151947
2025-02-11,0.4517059290082288,0.4498997134331164,0.46836682309607514,0.4273381796456255,0.011196828761830258,13.381500053405762,13.128314882923824,0.2973143437337585,0.23499838661557443,0.1586145775236485,0.5028757914829797,0.516435077761332,0.40961955458700516,0.3020945725995743,2025-03-05 07:08:56,0.0,0.6835107994321659,0.8468610486813872,0.6270717727062545,0.9863366909741429,0.878325064781431,0.47880539149411605,0.45375729088863836,0.4508670512265075,0.36111112337544204,0.3032407489169613
2025-02-12,0.3901970072958145,0.3906772572585011,0.41638057995373723,0.41103121744328464,0.06105351464411429,13.290500068664551,13.029427765748972,0.27574916708338676,0.23281588240411238,0.15777503629500284,0.49813564645351166,0.5077815930901144,0.39450076556175495,0.284801876558199,2025-03-05 07:08:56,0.0,0.6525073286193996,0.8566502353777856,0.6066711144395791,0.9882009767264006,0.8925267959812019,0.42485553740031945,0.47880539149411605,0.45375729088863836,0.34027775324911547,0.36111112337544204
2025-02-13,0.41134071345561085,0.4327060648002987,0.4340363240012004,0.4541966679579006,0.05086375806082866,13.191000080108644,12.982815593949358,0.36103530022030345,0.24906161019027057,0.16093091432593554,0.5418879966393835,0.48583475278696664,0.37796978108665225,0.27625890844467627,2025-03-05 07:08:56,0.0,0.6230485135359256,0.8669271797269309,0.5921951953355404,0.991566883645413,0.8789313727180795,0.4084778801528103,0.42485553740031945,0.47880539149411605,0.34375005518948965,0.34027775324911547
2025-02-14,0.44017293171714944,0.42793013226458165,0.47130950946621186,0.4513189956514736,0.0,13.08500008583069,12.93778555918102,0.3566328581185679,0.26363431682552385,0.16688896217430438,0.5725735160223191,0.45941532486940906,0.36035888197800214,0.26968070002117717,2025-03-05 07:08:56,0.0,0.60346447107159,0.8775217340752068,0.5779453146732538,0.9947979550608186,0.8573590786072006,0.45183046444721786,0.4084778801528103,0.42485553740031945,0.3738425660198754,0.34375005518948965
